구분,요양기관명,서비스유형,주소
의과,가제트병원,주장애관리,광주광역시 남구 대남대로127번길 5 가제트병원 (방림동)
의과,경북권역재활병원,주장애관리,경상북도 경산시 미래로 120-0 (평산동)
의과,경북재활병원,주장애관리,경상북도 안동시 서후면 광평2길 26 
의과,경인권역재활병원,주장애관리,인천광역시 연수구 원인재로 263 (연수동)
의과,광주365재활병원,주장애관리,광주광역시 광산구 하남마항로 26 (흑석동)
의과,광주참병원,주장애관리,광주광역시 남구 회재로 1244-0 (주월동)
의과,국립교통재활병원,주장애관리,경기도 양평군 양평읍 중앙로 260 
의과,국립재활원,주장애관리,서울특별시 강북구 삼각산로 58 국립재활원 (수유동)
의과,남산병원,주장애관리,대구광역시 중구 남산로13길 9 (남산동)
의과,다빈치병원,주장애관리,대전광역시 서구 계룡로553번길 60 (탄방동)
의과,대구보건대학교병원,주장애관리,대구광역시 북구 팔거천동로 209 (동천동)
의과,더 조은병원,주장애관리,경상남도 고성군 고성읍 동외로 142 
의과,더나은병원,주장애관리,대구광역시 달서구 달구벌대로 1576 (감삼동)
의과,동탄시티병원,주장애관리,경기도 화성시 동탄지성로 113 (능동)
의과,드림솔병원,주장애관리,전북특별자치도 전주시 완산구 천잠로 507-0 (효자동3가)
의과,리하트병원,주장애관리,경기도 의정부시 충의로 3 1-5층 (용현동)
의과,린병원,주장애관리,경기도 용인시 수지구 포은대로59번길 15 (상현동  광교복합의료센터)
의과,마스터플러스병원,주장애관리,경기도 의정부시 신흥로 84 지1  2-6층 (호원동)
의과,메트로적추병원,주장애관리,부산광역시 수영구 수영로 390-1 (남천동)
의과,미추홀병원,주장애관리,인천광역시 남동구 남동대로799번길 25 (구월동)
의과,바른병원,주장애관리,경상남도 창원시 성산구 창원천로94번길 82-18 푸른요양병원(A동) (대원동)
의과,북울산병원,통합관리,울산광역시 북구 신답로 37 지하1층-지상8층 (상안동)
의과,분당러스크재활병원,주장애관리,경기도 성남시 분당구 정자일로156번길 6 3-8층 (정자동  뉴본타워)
의과,브래덤재활병원,주장애관리,인천광역시 남동구 예술로192번길 36 (구월동  지하1층-지하3층  지상1층일부  2층-9층)
의과,사상스마트병원,주장애관리,부산광역시 사상구 학감대로 269 지하2-지상10층 (감전동)
의과,삼성스카이병원,주장애관리,충청남도 천안시 서북구 성정공원1길 9-4 호원빌딩 1층 2층 4층-6층 (성정동)
의과,새천년병원,주장애관리,경상북도 경주시 화랑로 129 (성동동)
의과,서송병원,주장애관리,인천광역시 계양구 경명대로972번길 9 계산종합의료단지 A B동 전체호 (계산동)
의과,서울재활병원,주장애관리,서울특별시 은평구 갈현로11길 30 (구산동)
의과,서울특별시 북부병원,주장애관리,서울특별시 중랑구 양원역로 38 (망우동)
의과,실로암안과병원,주장애관리,서울특별시 강서구 등촌로 181 (등촌동  실로암안과병원)
의과,씨엔씨푸른병원,주장애관리,충청북도 청주시 흥덕구 2순환로 1234-0 (강서동)
의과,에스알씨(SRC)재활병원,주장애관리,경기도 광주시 초월읍 경수길 25 
의과,엘병원,주장애관리,경기도 남양주시 퇴계원읍 퇴계원로 20 지하2-지상7층 일부제외호
의과,온고을재활의학과병원,주장애관리,전북특별자치도 전주시 완산구 완산길 100 (서완산동1가)
의과,위례재활의학과병원,주장애관리,경기도 성남시 수정구 위례서일로 6 6층-9층 (창곡동)
의과,의료법인고려의료재단부산고려병원,주장애관리,부산광역시 남구 수영로 238 (대연동)
의과,의료법인희원 래봄병원,주장애관리,경상남도 김해시 분성로 202 (외동)
의과,일산중심재활병원,주장애관리,경기도 고양시 일산서구 미래로 227 일산중심병원 지하1-지상4층 (덕이동)
의과,장흥우리병원,주장애관리,전라남도 장흥군 장흥읍 흥성로 83 
의과,청담병원,주장애관리,서울특별시 강남구 삼성로147길 46 (청담동  청담병원 지하1층  1층일부  2층-6층)
의과,청봉병원,주장애관리,경기도 하남시 하남대로802번길 5-4 청봉기념병원 (신장동)
의과,최강병원,주장애관리,경기도 수원시 팔달구 경수대로 471 (인계동)
의과,파크사이드재활의학병원,주장애관리,부산광역시 남구 유엔평화로125번길 11-10 (대연동)
의과,해운대나눔과행복병원,주장애관리,부산광역시 해운대구 좌동순환로 502 1층일부  3-9층 (중동)
의과,분당서울대학교병원,주장애관리,경기도 성남시 분당구 구미로173번길 82 (구미동  분당서울대학교병원)
의과,양산부산대학교병원,주장애관리,경상남도 양산시 물금읍 금오로 20 
의과,충남대학교병원,주장애관리,대전광역시 중구 문화로 282 (대사동)
의과,(재)천주교서울대교구유지재단 전진상의원,일반건강관리,서울특별시 금천구 탑골로3가길 22 전진상사회복지관 (시흥동)
의과,153신경외과의원,통합관리,인천광역시 남동구 호구포로 830 5층 (구월동)
의과,21세기바른정형외과의원,통합관리,강원특별자치도 화천군 화천읍 중앙로 25 
의과,365서울연합의원,일반건강관리,서울특별시 중랑구 망우로 463 2층 (망우동)
의과,365열린가정의학과의원,일반건강관리,서울특별시 강남구 도곡로 405 삼환 아르누보2 204호 (대치동)
의과,365열린우리의원,일반건강관리,대구광역시 달서구 월배로 491 1호 (송현동)
의과,88플러스내과의원,일반건강관리,서울특별시 강서구 방화동로 40 2층 (공항동)
의과,Dr리더스내과의원,일반건강관리,경기도 파주시 미래로 369-13 503호 (동패동  한울프라자)
의과,가락한솔의원,일반건강관리,서울특별시 송파구 양재대로 932 관리업무동 5층 505호 (가락동  가락동 농수산물도매시장)
의과,강북삼성의원,일반건강관리,서울특별시 성북구 화랑로40길 54 지상3 4층 (석관동  영원빌딩)
의과,강원의료복지사회적협동조합밝음의원,일반건강관리,강원특별자치도 원주시 중앙로 85 4층 (중앙동)
의과,개금다나아내과의원,일반건강관리,부산광역시 부산진구 가야대로 414 성문학원 2층 (개금동)
의과,건강드림내과의원,일반건강관리,경기도 평택시 지산로 64 1 2 3 4 5층 (지산동)
의과,건강의집 의원,일반건강관리,서울특별시 강북구 오현로31길 85-6 1층 (번동)
의과,건강제일의원,일반건강관리,서울특별시 도봉구 도봉로 499 2호 (쌍문동)
의과,건강지킴가정의학과의원,일반건강관리,대구광역시 중구 동덕로30길 45 2층 (동인동4가)
의과,경주성모안과의원,주장애관리,경상북도 경주시 원화로 293 성모클리닉빌딩 (성동동)
의과,고려다온재활의학과의원,주장애관리,서울특별시 관악구 남부순환로 1734 4층 (봉천동)
의과,고려수내과의원,일반건강관리,서울특별시 종로구 종로 328 동대문빌딩 4 5층 (창신동)
의과,고려외과의원,일반건강관리,경기도 용인시 기흥구 동백중앙로 283 골드프라자 A동 404-406호 (중동)
의과,고려정형외과의원,주장애관리,경상남도 거창군 거창읍 강남로 194 
의과,고산성모의원,일반건강관리,전북특별자치도 완주군 고산면 읍내2길 9 
의과,고운봄신경과의원,통합관리,경기도 광명시 철산로 36 양정타워 302호 (철산동)
의과,고운속내과의원,일반건강관리,경기도 하남시 위례학암로14번길 18 서미프라자 4층 403 404 405호 (학암동)
의과,관악정다운의료복지사회적협동조합정다운우리의원,일반건강관리,서울특별시 관악구 신림로 206 태영빌딩 2층 (신림동)
의과,관저성모의원,일반건강관리,대전광역시 서구 관저북로 78 202 203호 (관저동)
의과,광주탑정형외과의원,통합관리,광주광역시 북구 필문대로 95 1 2 3 4 6층 (풍향동)
의과,글로벌안과의원,주장애관리,경기도 안양시 동안구 관악대로 480 201-203호 (관양동  우정타운)
의과,금산365의원,일반건강관리,충청남도 금산군 금산읍 후곤천길 73 (D&S 프라자 2층)
의과,기린의원,일반건강관리,대전광역시 대덕구 계족로663번길 32 203호 (법동  상가)
의과,김경아가정의학과의원,일반건강관리,충청북도 충주시 봉계1길 64 2층 (칠금동)
의과,김내과의원,일반건강관리,경기도 파주시 문화로 57 (금촌동)
의과,김문엽정신건강의학과의원,주장애관리,서울특별시 광진구 아차산로 431 상가1-205호 (구의동  강변에스케이뷰)
의과,김병립내과의원,일반건강관리,부산광역시 부산진구 당감서로80번길 22 3층 (당감동  광성빌딩)
의과,김병수의원,일반건강관리,경상남도 하동군 하동읍 중앙로 17
의과,김성철신경외과의원,통합관리,인천광역시 서구 가정로 287 지하1층-1층 (석남동)
의과,김영재내과의원,통합관리,서울특별시 강북구 도봉로 253 (수유동  서울메디칼빌딩)
의과,김영진이비인후과의원,일반건강관리,대구광역시 수성구 지범로 182 (지산동  아주빌딩)
의과,김영태신경외과의원,일반건강관리,충청북도 청주시 상당구 단재로 21-1 (석교동)
의과,나눔가정의학과의원,일반건강관리,경기도 고양시 덕양구 행신로143번길 72-1 (행신동)
의과,나무내과의원,일반건강관리,부산광역시 연제구 과정로 102 4층 (연산동)
의과,나상연정형외과의원,통합관리,대전광역시 동구 동대전로 59-1 (대동)
의과,나음재활의학과의원,통합관리,경기도 안양시 만안구 안양로 249 안양디오르나인 2BL 302호 (안양동)
의과,난곡연세가정의원,일반건강관리,서울특별시 관악구 난곡로 202 4층 (신림동)
의과,남양정형외과의원,통합관리,경기도 화성시 남양읍 남양성지로 135 4층 401 403호
의과,내집에서 의원,일반건강관리,경상북도 포항시 북구 우창동로158번길 4-1 (창포동)
의과,노블진내과의원,일반건강관리,경기도 성남시 분당구 돌마로 87 305호 (금곡동  골드프라자)
의과,뉴에이징의원,일반건강관리,서울특별시 송파구 백제고분로 381 우성빌딩 3층 (송파동)
의과,느티나무의료복지사회적협동조합 느티나무의원,일반건강관리,경기도 구리시 건원대로 36 (인창동  화성골드프라자)
의과,다나은가정의학과의원,일반건강관리,전북특별자치도 전주시 완산구 흑석로 42 2-3층 (서서학동)
의과,다나의원,통합관리,광주광역시 남구 용대로 144 (방림동)
의과,다대정내과의원,일반건강관리,부산광역시 사하구 다대로 547 (다대동)
의과,다사랑산부인과의원,일반건강관리,서울특별시 강동구 천호대로 1124 (성내동)
의과,다사랑의원,일반건강관리,광주광역시 남구 용대로 119 (봉선동)
의과,다산길내과의원,일반건강관리,경기도 남양주시 다산중앙로146번길 22 가하프라자 5층 501호 (다산동)
의과,다산수내과의원,일반건강관리,경기도 남양주시 다산중앙로123번길 13 3층 (다산동)
의과,다산연합의원,통합관리,경기도 남양주시 경춘로 466 3층 (다산동)
의과,다솜가정의학과의원,일반건강관리,세종특별자치시 조치원읍 도원1로 16 (푸르지오 상가 208. 209호)
의과,다올연합의원,일반건강관리,대구광역시 수성구 범안로 60 1  2  5층 (범물동)
의과,닥터스랜드의원,일반건강관리,서울특별시 영등포구 영신로32길 28 일신빌딩 3층 (영등포동4가)
의과,닥터최의연세마음상담의원,주장애관리,경기도 고양시 일산서구 고봉로 291 (일산동)
의과,닥터홍가정의학과의원,일반건강관리,서울특별시 성동구 한림말1길 16 2층 (옥수동)
의과,단구햇살의원,일반건강관리,강원특별자치도 원주시 치악로 1626 3층 (단구동)
의과,대구엔도내과의원,일반건강관리,대구광역시 남구 월배로 468 2층 202호 (대명동  한영유니죤빌딩)
의과,대구연합정형외과의원,통합관리,대구광역시 남구 명덕로 140 1 3층 (대명동)
의과,대방연세재활의학과의원,통합관리,서울특별시 동작구 여의대방로 250 4-9호 (대방동  대림아파트(상가동))
의과,대불제일의원,일반건강관리,전라남도 영암군 삼호읍 삼호중앙로 162
의과,대산연합의원,일반건강관리,전북특별자치도 고창군 대산면 대성로 227
의과,대연맑은내과의원,일반건강관리,부산광역시 남구 수영로 233 민석빌딩 11층 일부호 (대연동)
의과,대전복십자의원,일반건강관리,대전광역시 중구 충무로 145 대한결핵협회 (부사동)
의과,대한민국의원,일반건강관리,서울특별시 중랑구 면목로 352 (면목동)
의과,더맑은신경과의원,일반건강관리,강원특별자치도 동해시 효자로 683 3층 (효가동)
의과,더맑은정신건강의학과의원,통합관리,전라남도 담양군 담양읍 지침3길 13 담양새마을금고 2층 202호
의과,더불어내과의원,일반건강관리,서울특별시 광진구 긴고랑로 41 2층 (중곡동)
의과,더편한의원,일반건강관리,경기도 안양시 동안구 관악대로 349 1층 (관양동)
의과,도담가정의학과의원,일반건강관리,서울특별시 성동구 용답중앙15길 12-1 2층 (용답동)
의과,돌봄의원,일반건강관리,서울특별시 성북구 돌곶이로22길 26-2 5층 (석관동)
의과,동동가정의학과의원,일반건강관리,서울특별시 도봉구 방학로 167 4층 (방학동)
의과,동부한일외과내과의원,일반건강관리,서울특별시 도봉구 마들로 686 2 3 4층 (도봉동)
의과,동산연합내과의원,일반건강관리,대구광역시 수성구 청호로 438 지하2층 202  203  204호 (범어동  범어라온프라이빗2차)
의과,동산종합의원,일반건강관리,대구광역시 달서구 월성로 42 201호 (월성동)
의과,동아의원,일반건강관리,서울특별시 노원구 동일로197길 21 3층 (공릉동  우성빌딩)
의과,동아의원,일반건강관리,전북특별자치도 익산시 익산대로 168 (창인동1가)
의과,동양정형외과의원,통합관리,대전광역시 동구 계족로 71 (신흥동)
의과,두드림정신건강의학과의원,통합관리,대구광역시 북구 침산로 138 명성프라임 3층 305호 (침산동)
의과,두리산부인과두리내과의원,일반건강관리,인천광역시 계양구 계양대로 83 2층 (작전동)
의과,두암연세연합의원,일반건강관리,광주광역시 북구 군왕로 82 (두암동)
의과,똑똑가정의학과의원,일반건강관리,대전광역시 서구 관저로 157 4층 (관저동  하이존)
의과,로하스의원,일반건강관리,인천광역시 중구 하늘달빛로 94 스타타워 501 503 504호 (중산동)
의과,루원마음봄 정신건강의학과의원,주장애관리,인천광역시 서구 봉오대로 255 6층 605 606호 (가정동)
의과,리안의원,일반건강관리,광주광역시 북구 북문대로 117 3층 (운암동)
의과,마디성모정형외과의원,통합관리,경기도 부천시 오정구 삼작로 391 (원종동)
의과,마디탑정형외과의원,통합관리,대구광역시 서구 달서로 187 2 3층 (비산동)
의과,마디통신경과의원,주장애관리,경기도 용인시 수지구 신봉1로 68 인용빌딩 (신봉동)
의과,마디튼튼의원,일반건강관리,충청남도 천안시 서북구 충무로 178 5층 502 503호 (쌍용동)
의과,마석이비인후과의원,일반건강관리,경기도 남양주시 화도읍 마석중앙로 68 
의과,마을숲의원,일반건강관리,경상북도 상주시 상산로 355 1층 (냉림동)
의과,마을의원,일반건강관리,서울특별시 노원구 상계로1길 14-11 하이웰빙상가 501층 (상계동)
의과,마포의료복지사회적협동조합 무지개의원,일반건강관리,서울특별시 마포구 월드컵로 80 7층 (서교동  아침뜨락빌딩)
의과,말바우큰사랑신경과의원,일반건강관리,광주광역시 북구 서방로 89 2층 201 202 203호 (우산동)
의과,맑은숨우리내과의원,일반건강관리,광주광역시 북구 하서로 401 3층 301  303호 (양산동)
의과,메디오름가정의학과의원,일반건강관리,제주특별자치도 제주시 선덕로 18 진일빌딩 1층 (연동)
의과,메리엘산부인과의원,일반건강관리,경기도 포천시 소흘읍 송우로 62 송우웰빙타운 3층 304 305호
의과,명성메디칼의원,일반건강관리,강원특별자치도 원주시 현충로 11 2 3층 (태장동)
의과,명성연세내과의원,일반건강관리,서울특별시 강동구 구천면로 428 308호 (명일동  센트로빌)
의과,명천가정의원,일반건강관리,충청남도 보령시 주공로 65 (명천동)
의과,모두의안과의원,통합관리,대전광역시 서구 대덕대로 238 301호 (둔산동)
의과,모아의원,일반건강관리,제주특별자치도 제주시 과원북4길 5 (노형동)
의과,몸편한재활의학과의원,통합관리,경상북도 포항시 북구 장량중앙로 55 미소빌딩 3층 (양덕동)
의과,미래내과의원,일반건강관리,경기도 용인시 처인구 모현읍 오포로 106 2층
의과,미래산부인과의원,일반건강관리,충청남도 서천군 서천읍 서천로 96 
의과,미래신경과의원,통합관리,경기도 부천시 소사구 송내대로 38 4 5층 (송내동)
의과,미래신경과의원,통합관리,서울특별시 중랑구 면목로 415 3층 (면목동)
의과,미리봄내과의원,일반건강관리,인천광역시 미추홀구 주안로 107 601호  602호  605호  606호 (주안동)
의과,미소메디칼내과의원,일반건강관리,부산광역시 해운대구 재반로 150 301호 (재송동  보라스카이타운)
의과,미소앤유의원,일반건강관리,서울특별시 동작구 사당로 230-1 4층 (사당동  미래빌딩)
의과,민들레돌봄의원,일반건강관리,부산광역시 금정구 중앙대로 2093 수광빌딩 3층일부7 8 10층 일부호 (남산동)
의과,민들레의료복지사회적협동조합민들레의원,일반건강관리,대전광역시 대덕구 계족로663번길 26 1층 (법동)
의과,바른길의원,일반건강관리,경상북도 구미시 상사동로 201  길 201 길 노인복지센터 지하 1층 (사곡동)
의과,바른등신경외과의원,통합관리,대구광역시 수성구 화랑로 98 바른등빌딩 3-5층 (만촌동)
의과,바른의원,일반건강관리,대구광역시 북구 신암로 31 3층 (칠성동1가)
의과,바른통쾌의원,일반건강관리,서울특별시 노원구 동일로 1066 노원새마을금고 (공릉동)
의과,박노준산부인과의원,일반건강관리,서울특별시 강동구 구천면로 238 (천호동)
의과,박샘내과의원,일반건강관리,경기도 광명시 오리로 1019 5층 501호 (광명동)
의과,박안과의원,주장애관리,인천광역시 부평구 경원대로 1234 2층 (산곡동  삼주빌딩2)
의과,박영대 정형외과의원,일반건강관리,경상북도 포항시 북구 흥해읍 동해대로 1492 
의과,박정신건강의학과의원,통합관리,제주특별자치도 서귀포시 중정로 53 (서귀동)
의과,박지성비뇨의학과의원,일반건강관리,경상남도 창원시 마산회원구 3·15대로 780 2층 (합성동)
의과,박현수정형외과의원,통합관리,인천광역시 부평구 수변로 8 202 204 205 206호 (부개동  파워프라자)
의과,밝음나눔안과의원,주장애관리,서울특별시 강남구 강남대로 376 지하2 2 6 14층 (역삼동)
의과,백신경외과의원,통합관리,서울특별시 마포구 월드컵로 128 (성산동)
의과,벌교김내과의원,일반건강관리,전라남도 보성군 벌교읍 홍암로 19 
의과,범세이비인후과의원,일반건강관리,경기도 용인시 처인구 포곡읍 포곡로 109 
의과,베드로내과의원,일반건강관리,경상북도 영천시 강변로 44 (금노동)
의과,베스트성모의원,통합관리,경기도 하남시 신장로 150 4층 (덕풍동)
의과,베스트연합의원,일반건강관리,서울특별시 송파구 마천로 281 지하1층 1층 (마천동)
의과,변우규신경과의원,일반건강관리,충청북도 청주시 상당구 상당로 10 5-6층 (서운동)
의과,보람신경외과의원,통합관리,부산광역시 동래구 충렬대로459번길 1 (안락동)
의과,본가정의학과의원,일반건강관리,서울특별시 송파구 올림픽로 435 (신천동  파크리오B상가 411호)
의과,본앤본정형외과의원,통합관리,서울특별시 강서구 공항대로43길 123 3 4 5층 (등촌동)
의과,본척척재활의학과의원,통합관리,경기도 성남시 분당구 성남대로916번길 5 관보골든쇼핑스포츠빌딩 2층 일부호 (야탑동)
의과,봉개영웅의원,일반건강관리,제주특별자치도 제주시 번영로 500 2층 (봉개동)
의과,봉담삼육오웰의원,일반건강관리,경기도 화성시 봉담읍 와우로 24 도원프라자 A동 301 302호
의과,봉천연세가정의원,일반건강관리,서울특별시 관악구 은천로 35 (봉천동)
의과,부산돌봄의료복지사회적협동조합 돌봄과나눔의원,일반건강관리,부산광역시 연제구 월드컵대로79번길 50 3층 전체 및 4층 일부호 (연산동)
의과,부천사랑안과의원,주장애관리,경기도 부천시 원미구 부천로90번길 8 7층 (원미동)
의과,부천의료복지사회적협동조합부천시민의원,일반건강관리,경기도 부천시 원미구 원미로97번길 31 2층 일부호 (원미동)
의과,분당연세의원,일반건강관리,경기도 성남시 분당구 돌마로 75 미금프라자 302호 (금곡동)
의과,비타민내과의원,일반건강관리,부산광역시 남구 용호로 152 대성빌딩 2층 (용호동)
의과,사)대한산업보건협회부설충남의원,일반건강관리,대전광역시 대덕구 대덕대로 1403 1층 (문평동)
의과,사과나무소아청소년과의원,일반건강관리,경상북도 경산시 압량읍 압독3로 15 303호
의과,사랑가정의학과의원,일반건강관리,경기도 안양시 만안구 안양로 377 2층 (안양동)
의과,사림우리들의원,일반건강관리,경상남도 창원시 의창구 사림로 47 (사림동  사림프라자)
의과,살림의료복지사회적협동조합살림의원,일반건강관리,서울특별시 은평구 서오릉로 149 세웅그룹빌딩 2층 좌측호 (구산동)
의과,삼성드림소아청소년과의원,일반건강관리,서울특별시 성동구 성덕정길 106 2층 (성수동2가)
의과,삼성마음정원의원,통합관리,경기도 안양시 동안구 시민대로 190 힐스테이트 범계역 모비우스 238호 239호 232호 (호계동)
의과,삼성연합의원,일반건강관리,경상북도 의성군 안계면 안계길 171 
의과,삼성탑가정의학과의원,일반건강관리,서울특별시 양천구 목동동로8길 23 메리트윈 3층 301호 (신정동)
의과,삼성포근한내과의원,일반건강관리,서울특별시 송파구 백제고분로 446 송암빌딩 201호 (방이동)
의과,삼천포정형외과의원,통합관리,경상남도 사천시 중앙로 129 (벌리동)
의과,상인내과의원,일반건강관리,대구광역시 달서구 상인서로 39 111동 201호 (상인동  동서아파트상가)
의과,새날의원,일반건강관리,경기도 수원시 권선구 금곡로73번길 71 주상가동 308-309호 (금곡동  금곡엘지아파트)
의과,새빛튼튼의원,일반건강관리,인천광역시 서구 고산후로95번길 20 힘찬프라자 301 302호 (당하동)
의과,새소망정형외과의원,주장애관리,전북특별자치도 익산시 동서로 222 (남중동)
의과,새신성의원,일반건강관리,전라남도 나주시 봉황면 봉황로 767 
의과,새우리들연합의원,일반건강관리,경상북도 경주시 안강읍 구부랑길 67-7 
의과,서면엘레슈의원,일반건강관리,부산광역시 부산진구 서면문화로 8 (부전동)
의과,서울36의원,일반건강관리,서울특별시 강남구 테헤란로51길 23 204호 (역삼동)
의과,서울가정의학과의원,일반건강관리,서울특별시 성북구 종암로27길 13 302호 (종암동  도원프라자)
의과,서울가정의학과의원,일반건강관리,경기도 수원시 권선구 당진로31번길 15 (당수동)
의과,서울가정의학과의원,일반건강관리,대전광역시 서구 변동로 49 (변동)
의과,서울김내과의원,일반건강관리,경기도 의정부시 오목로225번길 162 씨티프라자 402호 (민락동)
의과,서울본내과의원,일반건강관리,서울특별시 마포구 양화로 133 서교타워 3 5 18층 (서교동)
의과,서울봄연합의원,일반건강관리,서울특별시 강북구 삼양로 579 화성빌딩 2-4층 (우이동)
의과,서울성모내과의원,일반건강관리,부산광역시 사하구 다대로 694 6층 (다대동)
의과,서울성모의원,일반건강관리,경기도 파주시 숲속노을로 275 503 504 505 506호 (문발동  진원빌딩)
의과,서울신내의원,통합관리,서울특별시 중랑구 용마산로 622 (신내동)
의과,서울아이정신건강의학과의원,주장애관리,경기도 수원시 영통구 봉영로 1605 (영통동  모던타운 508호)
의과,서울알로하정신건강의학과의원,주장애관리,경기도 고양시 덕양구 권율대로 685 SIB 타워 405호  409호호 (원흥동)
의과,서울연세21세기의원,일반건강관리,서울특별시 강남구 강남대로128길 20 영동프라자 2층 206호 (논현동)
의과,서울연세의원,일반건강관리,서울특별시 강남구 영동대로 210 쌍용대치종합상가 2층 201A호 (대치동  쌍용아파트)
의과,서울연합의원,일반건강관리,서울특별시 노원구 한글비석로 410 예공빌딩 2층 전체호 (상계동)
의과,서울연합의원,일반건강관리,전라남도 영광군 염산면 천년로 20-1 
의과,서울온케어의원,일반건강관리,경기도 남양주시 다산중앙로123번길 21-5 8-9 4층 805호외  406 407호 (다산동)
의과,서울으뜸소아청소년과의원,일반건강관리,경기도 평택시 비전3로 25 301호 (비전동  골든프라자)
의과,서울의원,통합관리,서울특별시 노원구 월계로 370 희성프라자 201 202호 (월계동)
의과,서울재활의학과의원,통합관리,경기도 수원시 장안구 영화로 106 (정자동)
의과,서울정통연합의원,일반건강관리,경기도 의정부시 태평로 83 3층 (의정부동)
의과,서울정형외과의원,통합관리,서울특별시 용산구 한강대로 259 (갈월동  고려에이트리움 203호-205호  401호)
의과,서울정형외과의원,일반건강관리,전북특별자치도 군산시 월명로 295 (수송동)
의과,서울중앙의원,일반건강관리,서울특별시 성동구 왕십리로5길 3 성수1가제2동 공공복합청사 2층 (성수동1가)
의과,서울참정형외과의원,통합관리,충청남도 천안시 서북구 충무로 175 3층 (쌍용동)
의과,서원교비뇨기과의원,일반건강관리,경상남도 창원시 성산구 가양로124번길 15 (대방동  대암빌딩)
의과,서전성모안과의원,통합관리,서울특별시 관악구 은천로 110 202호 (봉천동  더블유에스타워)
의과,서초아가페의원,일반건강관리,서울특별시 서초구 고무래로 90-7 서초쇼핑 201호  202호 일부호 (서초동)
의과,서초양재참좋은정형외과의원,주장애관리,서울특별시 서초구 강남대로 213 (양재동  스포타임)
의과,선두연합내과의원,일반건강관리,경기도 이천시 장호원읍 장터로83번길 43 
의과,설재활의학과의원,통합관리,경기도 남양주시 화도읍 비룡로 110 2층
의과,섬등포 팔팔정형외과의원,통합관리,전라남도 진도군 조도면 창유1길 25 섬등포 팔팔정형외과의원
의과,성동재활의원,통합관리,서울특별시 성동구 뚝섬로1길 43 (성수동1가)
의과,성림내과의원,일반건강관리,서울특별시 송파구 백제고분로 276 (석촌동  공익빌딩 203호)
의과,성모사랑정신건강의학과의원,일반건강관리,경기도 의정부시 청사로 37 신세계프라자 2층 206호 (금오동)
의과,성모의원,일반건강관리,전북특별자치도 익산시 함열읍 함열중앙로 13 
의과,성모정형외과의원,통합관리,경기도 화성시 향남읍 삼천병마로 177 (1-3층)
의과,성모정형외과의원,통합관리,울산광역시 남구 수암로 95 (신정동)
의과,성수의원,일반건강관리,서울특별시 성동구 성수일로 39 (성수동1가)
의과,세교중앙내과의원,일반건강관리,경기도 오산시 수청로 189 601 602호 (금암동  웅신아트프라자)
의과,세란의원,일반건강관리,경기도 부천시 원미구 길주로 183 영라이프빌딩 (중동)
의과,센트럴제일안과의원,일반건강관리,경기도 파주시 경의로 1092 401호  406호-408호  501호 (야당동)
의과,소망의원,일반건강관리,경상북도 경산시 진량읍 황제1길 86-31 202호 (아파트상가)
의과,소화소아청소년과의원,일반건강관리,인천광역시 남동구 만수로 63 303 304호 (만수동  만수프라자)
의과,속편해진내과의원,일반건강관리,서울특별시 노원구 공릉로 176 2 3층 (공릉동)
의과,손석호내과의원,일반건강관리,울산광역시 동구 진성14길 128 3층 (전하동)
의과,송경섭정형외과의원,통합관리,경기도 광명시 오리로 1019 2 3 4 층 (광명동)
의과,송광호의원,일반건강관리,경상남도 밀양시 삼랑진읍 천태로 13-1 1층
의과,송재활의학과의원,통합관리,대전광역시 서구 갈마로 257 2층 (괴정동)
의과,송파베스트내과의원,일반건강관리,서울특별시 송파구 법원로 128 문정에스케이브이원지엘메트로시티 C동 2층 208-210호 (문정동)
의과,수연세재활의학과의원,통합관리,서울특별시 은평구 연서로 246 3층 (불광동)
의과,수연합내과의원,통합관리,대구광역시 달서구 월배로 219 CENTRO TOWER 8층 801-804호 (상인동)
의과,시니어통합의원,일반건강관리,광주광역시 서구 금화로 59 지하1층 (금호동)
의과,시흥희망의료복지 사회적협동조합 희망의원,일반건강관리,경기도 시흥시 은행로167번길 6 401호  402(일부)호 (대야동  청송빌딩)
의과,신내과의원,일반건강관리,울산광역시 동구 방어진순환도로 651 (일산동)
의과,신등하나의원,일반건강관리,경상남도 산청군 신등면 신차로 509 
의과,신록내과의원,일반건강관리,경기도 고양시 일산동구 중앙로 1190 서울타워 602호 (마두동)
의과,신우내과의원,일반건강관리,서울특별시 중랑구 망우로 377 성환빌딩 2 4층 (상봉동)
의과,아름드리가정의원,일반건강관리,서울특별시 관악구 봉천로 281 2층 (봉천동)
의과,아름드리소아청소년과의원,일반건강관리,경기도 고양시 덕양구 도래울로 42 센트럴타워 206호 (도내동)
의과,아리랑가정의원,일반건강관리,서울특별시 성북구 아리랑로 89 상가동 205 206 207호 (돈암동  일신건영휴먼빌아파트)
의과,아산본내과의원,통합관리,서울특별시 강동구 양재대로 1465 마루홈타운 4 6층 (길동)
의과,아이별소아청소년과의원,일반건강관리,충청남도 아산시 둔포면 아산밸리중앙로 83 3층 (더원프라자)
의과,아이안과의원,주장애관리,광주광역시 남구 서문대로 704 (진월동)
의과,아이윈의원,주장애관리,부산광역시 부산진구 가야대로 715 5 6층 (당감동)
의과,아주재활의학과의원,통합관리,울산광역시 남구 돋질로 369 3-4층 (삼산동)
의과,안산의료복지사회적협동조합 새안산의원,일반건강관리,경기도 안산시 상록구 예술광장로 31 파크프라자 604-609호 (월피동)
의과,안성의료복지사회적협동조합 서안성의원,일반건강관리,경기도 안성시 공도읍 승두길 40
의과,안성의료복지사회적협동조합안성농민의원,일반건강관리,경기도 안성시 중앙로371번길 13 2 3층 (석정동)
의과,안성의료복지사회적협동조합우리동네의원,일반건강관리,경기도 안성시 대학로 69 (당왕동)
의과,안심서울마취통증의학과의원,일반건강관리,서울특별시 강동구 올림픽로 783 3층 (암사동)
의과,안양세종의원,일반건강관리,경기도 안양시 만안구 충훈로 70 2 4 5층 (석수동)
의과,알파연합내과의원,일반건강관리,대구광역시 수성구 달구벌대로 3099 경찰공제회빌딩 2  3층 (시지동)
의과,압해연합의원,일반건강관리,전라남도 신안군 압해읍 압해로 871-3 
의과,양양정형외과의원,주장애관리,강원특별자치도 양양군 양양읍 양양로 9-1 
의과,양평경희통합의원한의원,일반건강관리,경기도 양평군 옥천면 북부길9번길 13 
의과,양평의료복지사회적협동조합 모두의원,일반건강관리,경기도 양평군 서종면 중미산로 18 우진빌딩 2층 201호
의과,어광수가정의학과의원,일반건강관리,서울특별시 광진구 아차산로69길 8 지하1 지상2층 (광장동)
의과,에스엔유(SNU)하버드내과의원,일반건강관리,경기도 고양시 일산서구 킨텍스로 240 701-705호  508호 (대화동  킨텍스 꿈에그린)
의과,에스엘신경과의원,통합관리,경상남도 창원시 의창구 태복산로3번길 13 에스엘빌딩 4층 (도계동)
의과,에코이비인후과의원,일반건강관리,서울특별시 동작구 상도로 356 2층 (상도동)
의과,여한결재활의학과의원,통합관리,광주광역시 광산구 장신로 52 BYC 수완 비스타 오피스텔 2층 201-206  210  211호 (장덕동)
의과,연산내과의원,일반건강관리,부산광역시 연제구 월드컵대로 9 1층  2층 (연산동)
의과,연세 빛 가정의학과 의원,일반건강관리,경상남도 양산시 물금읍 증산역로 152 401  501호
의과,연세가정의원,일반건강관리,경기도 성남시 중원구 산성대로 330-4 3층 (중앙동)
의과,연세가정의원,일반건강관리,경기도 평택시 관광특구로 37 3층 (서정동)
의과,연세가정의원,일반건강관리,서울특별시 관악구 관악로40길 47 1동 409호 (봉천동  현대상가)
의과,연세가정의학과의원,일반건강관리,경상북도 울진군 평해읍 평해로 71 
의과,연세가정의학과의원,일반건강관리,경기도 성남시 분당구 돌마로356번길 3 317호 (수내동  그랜드프라자)
의과,연세가정의학과의원,일반건강관리,서울특별시 영등포구 영등포로64길 8 201호 (신길동  우성상가)
의과,연세그리어슨신경외과의원,주장애관리,경기도 화성시 향남읍 행정중앙2로 63-3 202 203(일부)호
의과,연세누리의원,일반건강관리,서울특별시 강동구 풍성로 136 성내동삼성아파트 2층 203호 (성내동)
의과,연세다엘마취통증의학과내과의원,통합관리,서울특별시 강남구 논현로 561 2 3 4층 (역삼동)
의과,연세더블유재활의학과의원,통합관리,경기도 광명시 광명로 906 현대아이타워 501호 (광명동)
의과,연세류내과의원,일반건강관리,서울특별시 서대문구 수색로2길 16-1 1 2층 (남가좌동)
의과,연세삼육오매일의원,일반건강관리,경기도 고양시 일산동구 성석로 30 2층 (중산동)
의과,연세소래메디칼의원,일반건강관리,인천광역시 남동구 포구로 75 2 3 4층 (논현동  송원빌딩)
의과,연세송내과의원,일반건강관리,경기도 파주시 후곡로 3 2층 203호  3층 304호 (금촌동)
의과,연세수안과의원,주장애관리,전라남도 여수시 좌수영로 1 4층 (서교동)
의과,연세신도의원,일반건강관리,서울특별시 종로구 종로 374 2층 (숭인동)
의과,연세연합의원,일반건강관리,충청북도 청주시 서원구 모충로104번길 5 2 3층 (모충동)
의과,연세우리건강내과의원,일반건강관리,서울특별시 강서구 공항대로 625 지하1  지상2층 (염창동)
의과,연세위드신경과의원,주장애관리,제주특별자치도 제주시 노형8길 2 2층 (노형동)
의과,연세유원내과의원,일반건강관리,경기도 고양시 덕양구 지축로 62 아인시티 401-403호 (지축동)
의과,연세의원,일반건강관리,대전광역시 동구 우암로 328 (가양동)
의과,연세재활의학과의원,통합관리,서울특별시 강남구 일원로 115 삼성생명 일원역 빌딩 B동 303호 (일원동)
의과,연세재활의학과의원,통합관리,서울특별시 동작구 상도로 103 (상도동)
의과,연세튼튼의원,일반건강관리,경기도 부천시 원미구 부일로 464 태강캐슬 2층 201 202 203 204호 (심곡동)
의과,연세푸른정형외과의원,통합관리,충청북도 제천시 용두천로 98 (남천동)
의과,연합의원,일반건강관리,충청남도 홍성군 홍성읍 내포로 18 3 4 5층
의과,연합의원,일반건강관리,대전광역시 대덕구 신탄진로 821 3 4층 (신탄진동)
의과,열린가족의원,일반건강관리,서울특별시 중랑구 겸재로 229 2층 (면목동  농협)
의과,영광고운의원,일반건강관리,전라남도 영광군 영광읍 신남로 180 3층
의과,예소담의원,일반건강관리,충청남도 천안시 서북구 불당4로 53 2층 (불당동)
의과,오치오케이정형외과의원,통합관리,광주광역시 북구 서하로 193 1 2층 (오치동)
의과,오케이재활의학과의원,통합관리,서울특별시 영등포구 디지털로 413 메리클빌딩 2층 (대림동)
의과,온내과의원,일반건강관리,경기도 안산시 단원구 고잔1길 16 중앙마케이트빌딩 501 502 607 608호 (고잔동)
의과,온지프롤로의원,일반건강관리,부산광역시 중구 구덕로 5 2층 (남포동1가)
의과,올바른정형외과의원,통합관리,부산광역시 사하구 다대로 544 진요빌딩 1층 105 106 107 108호 (다대동)
의과,우리가정의학과의원,일반건강관리,대전광역시 동구 동부로73번길 6 3층 (판암동  성창프라자)
의과,우리동네30분의원,일반건강관리,서울특별시 마포구 백범로 99 승행빌딩 4층 (대흥동)
의과,우리동네의원,일반건강관리,광주광역시 광산구 무진대로211번길 28 빛고을국민체육센터 1층 (우산동)
의과,우리들내과의원,일반건강관리,경기도 용인시 수지구 상현로 34 성진프라자 202호 203호 (상현동)
의과,우리들연합의원,일반건강관리,전라남도 광양시 진등길 19 2층 (중동)
의과,우리메디컬의원,일반건강관리,세종특별자치시 고운서길 19 세종 스마트큐브Ⅰ 301-303 305-308호 (고운동)
의과,우리모두의원,일반건강관리,경기도 의정부시 평화로 382 4층 (호원동)
의과,우리신경외과의원,통합관리,경상남도 진주시 솔밭로 133 1 2 3 5층 (상대동)
의과,우리의원,일반건강관리,서울특별시 성북구 서경로 27 예닮빌딩 2층 (정릉동)
의과,우이한솔의원,일반건강관리,서울특별시 강북구 삼양로 516 (수유동)
의과,운남소망의원,일반건강관리,전라남도 무안군 운남면 신월로 8 
의과,울산숲정신건강의학과의원,통합관리,울산광역시 북구 호계로 292 3층 302호 (호계동)
의과,울산연합의원,일반건강관리,울산광역시 중구 염포로 19 (남외동)
의과,웅상이내과의원,일반건강관리,경상남도 양산시 소주회야1길 13 남양상가 203 204 205호 (소주동)
의과,원주시민의원,일반건강관리,강원특별자치도 원주시 남원로 645 영광빌딩 2층 (명륜동)
의과,위드연의원,일반건강관리,서울특별시 강동구 고덕로 266 고덕역 대명벨리온 4층 405 406 407호 (명일동)
의과,위드의원,일반건강관리,대구광역시 중구 국채보상로 541 대구YMCA청소년회관 5층 (상서동)
의과,위편안내과의원,일반건강관리,전북특별자치도 익산시 평동로 740 2층 201호 (동산동)
의과,율하연합가정의학과의원,일반건강관리,대구광역시 동구 안심로22길 60 동흥메디칼 4층 403호 (율하동)
의과,의료법인풍산의료재단 창동제일의원,일반건강관리,서울특별시 도봉구 노해로65길 17-13 2층 (창동  검진센터)
의과,이기철여성의원,일반건강관리,경기도 안양시 만안구 안양로 443 세원빌딩 4층 (석수동)
의과,이상권가정의학과의원,일반건강관리,전북특별자치도 전주시 완산구 효자천변2길 14 상산타운 2층 201호 (효자동1가)
의과,이상철소아청소년과의원,일반건강관리,부산광역시 북구 만덕대로 12-1 (덕천동)
의과,이수동소아청소년과의원,통합관리,경기도 파주시 책향기로 439 301 302호 (동패동  책향기마을10단지동문굿모닝힐상가동)
의과,이신내과의원,일반건강관리,부산광역시 부산진구 중앙대로 808 금정빌딩 4층 5층 (전포동)
의과,이원재내과의원,일반건강관리,충청북도 제천시 용두천로 117 제천메디컬센터 4층 (중앙로1가)
의과,이유경내과의원,일반건강관리,세종특별자치시 한누리대로 2265 세종메디컬센터 304-306호  505호 (대평동)
의과,이은종내과의원,일반건강관리,경기도 동두천시 중앙로 112 502호 (지행동  메인프라자)
의과,이정유내과의원,일반건강관리,부산광역시 연제구 아시아드대로 60 상신빌딩 4층 (거제동)
의과,이정환내과의원,일반건강관리,강원특별자치도 춘천시 동내면 영서로 1794 2층
의과,이진우의원,일반건강관리,서울특별시 마포구 월드컵북로38길 14 4층 (중동)
의과,이화사랑의원,일반건강관리,서울특별시 강서구 강서로62길 98 (등촌동  신한은행등촌점)
의과,인천웰빙내과의원,일반건강관리,인천광역시 중구 우현로 75 2층 (인현동)
의과,인천의원,일반건강관리,인천광역시 미추홀구 미추홀대로 581 (주안동)
의과,인천평화의료복지사회적협동조합평화의원,일반건강관리,인천광역시 부평구 경인로1104번길 15 1층 (일신동)
의과,입북삼성가정의학과의원,일반건강관리,경기도 수원시 권선구 율전로 2 입북프라자 1층 104호 (입북동)
의과,잘보는안과의원,통합관리,대구광역시 수성구 수성로 197 (중동)
의과,장대국내과의원,통합관리,서울특별시 노원구 노해로 452 노빌리안골드 (상계동)
의과,장안의원,일반건강관리,충청북도 괴산군 괴산읍 읍내로5길 10 
의과,장하림의원,일반건강관리,전북특별자치도 전주시 완산구 거마평로 146 1층 및 거마평로 148  1층 일부호 (효자동1가)
의과,장혜경의원,일반건강관리,부산광역시 영도구 동삼로 17 (동삼동)
의과,전정형외과의원,주장애관리,경기도 광명시 범안로 1043 3층 (하안동)
의과,정가정의원,일반건강관리,서울특별시 종로구 종로51나길 2 2층 (창신동)
의과,정가정의학과의원,일반건강관리,서울특별시 노원구 수락산로 232 (상계동)
의과,정남진정형외과의원,일반건강관리,전라남도 여수시 신월로 735 (봉산동)
의과,정내과의원,일반건강관리,부산광역시 부산진구 당감로 15 (당감동)
의과,정다운가정의학과의원,일반건강관리,서울특별시 도봉구 해등로16길 26 (창동  타임프라자)
의과,정다운가정의학과의원,일반건강관리,경기도 광주시 장지1길 28 (장지동)
의과,정릉손정신건강의학과의원,주장애관리,서울특별시 성북구 보국문로 43 3층 (정릉동)
의과,정마음정신건강의학과의원,통합관리,서울특별시 송파구 오금로 508 스타빌딩 6층 (거여동)
의과,정안과의원,주장애관리,경상남도 창원시 마산회원구 3·15대로 767 1.2.3층 (합성동  정안과의원)
의과,정을식내과의원,일반건강관리,인천광역시 남동구 남동대로 931 2층 일부호 (간석동)
의과,제이에스소아청소년과의원,주장애관리,대구광역시 수성구 수성로 206 3층 (중동)
의과,제일가정의학과의원,일반건강관리,전북특별자치도 고창군 대산면 대성로 238 
의과,제일연합내과의원,일반건강관리,세종특별자치시 새롬중앙로 62-15 401호 402(일부)호 (새롬동  해피라움W)
의과,제일연합의원,일반건강관리,충청북도 음성군 음성읍 수정로 61 (홍우빌딩)
의과,제일의원,일반건강관리,경기도 의왕시 원골로 3 3층 (오전동  주원빌딩)
의과,제일의원,일반건강관리,경상북도 예천군 예천읍 효자로 106 
의과,제일의원,일반건강관리,경상북도 청도군 청도읍 청화로 106 
의과,제일정신과의원,일반건강관리,전북특별자치도 김제시 중앙로 103 (요촌동)
의과,젤나의원,통합관리,경기도 부천시 소사구 경인로 216-1 2층 (심곡본동)
의과,조성현가정의학과의원,일반건강관리,대전광역시 동구 동산초교로 41 2층 201호 (홍도동  파밀리에존상가)
의과,조은세상의원,일반건강관리,경상남도 창원시 성산구 대암로 272 (대방동  대방2차덕산타운)
의과,조은차의원,일반건강관리,경기도 김포시 김포한강1로51번길 12 201호  202호 (장기동)
의과,조이비인후과의원,일반건강관리,부산광역시 수영구 수영로 511-1 지하1-2층 (광안동)
의과,조준형내과의원,일반건강관리,경상남도 창원시 진해구 진해대로776번길 28 진해농협종합회관(하나로마트) B동 201호 (석동)
의과,조형준재활의학과의원,통합관리,광주광역시 북구 북문대로 101 4층 (운암동)
의과,좋은생각 정신건강의학과의원,통합관리,전라남도 함평군 함평읍 중앙길 80 1층
의과,주내과의원,일반건강관리,경기도 수원시 장안구 서부로 2112 2  3층 (율전동)
의과,주안가정의원,일반건강관리,인천광역시 미추홀구 길파로 18 (주안동)
의과,준소아과의원,일반건강관리,인천광역시 미추홀구 매소홀로 338 (학익동)
의과,준앤민닥터포유의원,일반건강관리,서울특별시 송파구 양재대로 932 업무동 5층 8 9 10 10-2호 (가락동)
의과,중계튼튼의원,일반건강관리,서울특별시 노원구 동일로207길 18 206호 (중계동  중계그린아파트 B상가 )
의과,중앙의원,일반건강관리,광주광역시 북구 호동로 69 (문흥동)
의과,중앙의원,일반건강관리,인천광역시 계양구 주부토로 465 지하1층 1 2 5층 (작전동)
의과,중앙의원,일반건강관리,세종특별자치시 전의면 읍내길 20 
의과,지도성심의원,일반건강관리,전라남도 신안군 지도읍 봉리길 7 
의과,지킴내과의원,일반건강관리,서울특별시 광진구 광나루로 614 (구의동 만택빌딩 3층)
의과,진정형외과의원,통합관리,경상남도 양산시 물금읍 새실로 159 나래메트로시티 A동 2층 203-204호
의과,집으로가는 준의원,일반건강관리,제주특별자치도 제주시 수덕로 41 2층 (노형동)
의과,집으로의원,일반건강관리,경기도 성남시 분당구 효자길 19 1층 (서현동)
의과,차봉연엔도내과의원,일반건강관리,서울특별시 관악구 쑥고개로 110 2층 (봉천동)
의과,참내과의원,일반건강관리,경기도 남양주시 화도읍 경춘로 1969-8 3층  4층 (송림빌딩)
의과,참사랑정신건강의학과의원,일반건강관리,광주광역시 북구 북문대로 37 5층 (운암동)
의과,참의원,일반건강관리,경기도 남양주시 사릉로 14 303호 (금곡동  금곡프라자)
의과,참좋은연합의원,일반건강관리,대구광역시 서구 평리로 243 (중리동)
의과,창원글로리안과의원,주장애관리,경상남도 창원시 성산구 마디미서로 54 3층 301호 (상남동  서울아동병원)
의과,천성의원,일반건강관리,부산광역시 영도구 일산봉로 95 (청학동)
의과,천안바른마취통증의학과의원,통합관리,충청남도 천안시 동남구 대흥로 118 2 3층 (사직동)
의과,첨단가족연합의원,일반건강관리,광주광역시 북구 첨단연신로 194 상가동 2층 203호 (신용동  한양수자인리버뷰)
의과,청담의원,일반건강관리,서울특별시 송파구 가락로 113 (석촌동  2층)
의과,최가정의원,일반건강관리,부산광역시 사상구 모라로192번길 20-21 상가가동 201 202호 (모라동  주공아파트3단지)
의과,최상현내과의원,일반건강관리,충청북도 제천시 용두대로15길 4 용두시티 2층 201호 (하소동)
의과,최상호소아청소년과의원,일반건강관리,경상남도 창원시 성산구 동산로 124 (상남동  성원그랜드쇼핑)
의과,최신경정신과의원,통합관리,서울특별시 서초구 강남대로53길 7 강남애니타워 302호 (서초동)
의과,최익수의원,통합관리,경상남도 창원시 의창구 태복산로3번길 35 (도계동  최익수의원)
의과,추부의원,일반건강관리,충청남도 금산군 추부면 마전로 56 
의과,친절한내과의원,일반건강관리,경상남도 김해시 내외중앙로 35 아카데미 빌딩 401호 (외동)
의과,코와숲이비인후과의원,일반건강관리,광주광역시 동구 백서로 133 금동 180-3 제2종근린생활시설 (금동)
의과,큰길내과의원,일반건강관리,서울특별시 동대문구 천호대로 273 5 6층 (답십리동)
의과,큰사랑의원,통합관리,경상남도 거제시 장목면 옥포대첩로 1607 
의과,탑내과가정의학과의원,일반건강관리,전라남도 여수시 신월로 804 2층 (서교동  교보생명빌딩)
의과,탑동365일의원,일반건강관리,제주특별자치도 제주시 탑동로 24 (삼도이동 2층)
의과,태성의원,일반건강관리,충청남도 아산시 송악면 송악로 814 1층
의과,터직업환경의학과의원,일반건강관리,경상남도 창원시 성산구 중앙대로39번길 6 (중앙동  제일상가 308-315호)
의과,판교성모숲정신건강의학과의원,통합관리,경기도 성남시 분당구 분당내곡로 151 삼도타워 402  403호 (삼평동)
의과,편한자리의원,일반건강관리,경기도 의정부시 장곡로 626 금오종합상가 A동 6층 601-603  606-610호 (신곡동)
의과,평택시민의료소비자생활협동조합 시민의원,일반건강관리,경기도 평택시 중앙로 165 1층 (비전동)
의과,평화정형외과의원,통합관리,울산광역시 울주군 언양읍 헌양길 156 2층 (남빛빌딩)
의과,푸른소아청소년과의원,일반건강관리,서울특별시 송파구 충민로2길 28 (장지동  대진프라자 304호)
의과,하나가정의학과의원,일반건강관리,제주특별자치도 제주시 월랑로 59 2층 (노형동)
의과,하동군민여성의원,일반건강관리,경상남도 하동군 하동읍 중앙로 115 
의과,하루도쉬지않는연세정형외과의원,통합관리,충청남도 천안시 서북구 차돌들길 12 3층 301-310호 (쌍용동)
의과,하버드재활의학과의원,통합관리,서울특별시 관악구 남현길 7 (남현동)
의과,하이소아청소년과의원,일반건강관리,광주광역시 남구 봉선2로 81 2층 (봉선동)
의과,한강외과의원,일반건강관리,서울특별시 양천구 신월로 164 304 305호 (신월동  승일뷰티타워2)
의과,한강정형외과의원,통합관리,경기도 김포시 풍무로 25 301호 (풍무동  센트럴메디프라자)
의과,한걸음가정의학과의원,일반건강관리,서울특별시 도봉구 삼양로 580-4 2층 (쌍문동  노스블릭)
의과,한겨레정형외과의원,일반건강관리,대전광역시 유성구 계룡로 37 (봉명동)
의과,한길의원,일반건강관리,서울특별시 구로구 고척로21나길 18 2층 (개봉동)
의과,한길정형외과의원,통합관리,인천광역시 서구 원적로 85 201호 (가좌동  우신프라자)
의과,한마음의원,통합관리,충청남도 당진시 신평면 신평길 24-9
의과,한마음의원,일반건강관리,충청북도 충주시 만리산로 22 (교현동)
의과,한빛내과의원,일반건강관리,부산광역시 동구 중앙대로 233 (초량동  해정빌딩)
의과,한빛내과의원,일반건강관리,경기도 안양시 만안구 안양로 316 4층 (안양동  본프라자)
의과,한솔내과의원,일반건강관리,전북특별자치도 김제시 중앙로 96 (요촌동)
의과,한양내과의원,통합관리,경기도 성남시 분당구 돌마로 68 404호 (구미동  분당프라자)
의과,한양마취통증의학과의원,일반건강관리,충청남도 보령시 대천로 26 (대천동)
의과,한양연합재활의학과의원,통합관리,경기도 양주시 남면 개나리길 37
의과,한양재활의학과의원,통합관리,서울특별시 동작구 상도로 234 2층 (상도동)
의과,한양재활의학과의원,일반건강관리,경기도 양평군 양평읍 시민로 37 
의과,한중의원,일반건강관리,광주광역시 남구 금당로 27 (진월동)
의과,한튼튼재활의학과의원,통합관리,인천광역시 부평구 길주로 635 엘림타워 401  403호 (삼산동)
의과,함내과외과의원,일반건강관리,부산광역시 해운대구 재반로 72 2-5층 (재송동)
의과,합포내과의원,일반건강관리,경상남도 창원시 마산합포구 3·15대로 126 (중앙동1가)
의과,해맞이의원,일반건강관리,경상북도 포항시 남구 호미곶면 해맞이로 202 2층
의과,행복한가정의학과의원,일반건강관리,서울특별시 동대문구 한천로 242 2층 (전농동)
의과,행복한마을의료복지사회적협동조합 행복한마을의원,일반건강관리,경기도 안양시 만안구 병목안로 15 BYC안양 비스타 오피스텔 B동 206호 (안양동)
의과,행복한서내과의원,일반건강관리,서울특별시 송파구 마천로 264 2층 3호 (거여동  흥일빌딩)
의과,행신그린의원,일반건강관리,경기도 고양시 덕양구 중앙로 478 행신미원프라자 201 206 207호 (행신동)
의과,허브연합내과의원,일반건강관리,세종특별자치시 해밀3로 51 스카이허브 303 304호 (해밀동)
의과,허준이비인후과의원,일반건강관리,광주광역시 동구 동계천로 74 (장동)
의과,현대가정의학과의원,일반건강관리,전북특별자치도 부안군 부안읍 부풍로 48-1
의과,현대외과의원,일반건강관리,대구광역시 동구 아양로 236 (효목동)
의과,현대의원,일반건강관리,부산광역시 금정구 서부로 31 2층 (서동)
의과,현대의원,일반건강관리,경기도 광명시 광명로 829 2층 (광명동  백제빌딩)
의과,현대의원,일반건강관리,전북특별자치도 고창군 해리면 남시길 5 
의과,혜성민가족의원,일반건강관리,서울특별시 노원구 노원로 330 롯데마트 3층 (중계동)
의과,호경정형외과의원,일반건강관리,서울특별시 동대문구 천호대로 291 (답십리동)
의과,호소아청소년과의원,일반건강관리,경기도 김포시 통진읍 김포대로2244번길 20 304호 (마송프라자)
의과,호수내과의원,일반건강관리,서울특별시 송파구 송파대로 438 녹십초빌딩 2 3층 (송파동)
의과,홈닥터예방의학과의원,일반건강관리,경기도 수원시 영통구 광교중앙로 232 드림타워4 301호 (하동)
의과,홈케어의원,일반건강관리,경기도 화성시 남양읍 시청로 115 2층 (2072-9)
의과,홈케어의원,일반건강관리,서울특별시 서대문구 증가로20길 20 골든빌딩 2층 (북가좌동)
의과,홍내과의원,일반건강관리,전북특별자치도 익산시 고봉로30길 22 (영등동)
의과,홍성환산부인과의원,일반건강관리,서울특별시 노원구 화랑로 455 1층 (공릉동)
의과,홍이내과의원,일반건강관리,서울특별시 중랑구 겸재로 237 3층 (망우동)
의과,화성의료복지사회적협동조합 모두의원,일반건강관리,경기도 화성시 향남읍 행정중앙2로 63-34 명신프라자2 301 302호
의과,효성신경외과의원,주장애관리,강원특별자치도 원주시 서원대로 509 (단구동)
의과,훈의원,일반건강관리,경상남도 양산시 덕계로 72 2-3층 (덕계동)
의과,희락서울가정의학과의원,일반건강관리,서울특별시 노원구 수락산로 190 203호 (상계동  희락상가)
의과,노아병원,주장애관리,경상남도 양산시 상북면 수서로 349-17 
의과,연세하늘병원,주장애관리,경기도 의정부시 평화로 704 (가능동  대원빌딩)
의과,가톨릭관동대학교 국제성모병원,주장애관리,인천광역시 서구 심곡로100번길 25-0 인천국제성모병원
의과,강동경희대학교의대병원,주장애관리,서울특별시 강동구 동남로 892 (상일동)
의과,강원특별자치도원주의료원,주장애관리,강원특별자치도 원주시 서원대로 387 (개운동)
의과,경기도의료원 안성병원,주장애관리,경기도 안성시 남파로 95 경기도의료원 안성병원 (당왕동)
의과,경기도의료원 이천병원,주장애관리,경기도 이천시 경충대로 2742 (관고동)
의과,국민건강보험공단일산병원,주장애관리,경기도 고양시 일산동구 일산로 100 (백석동 백석1동 1241외1필지 4층)
의과,녹색병원,주장애관리,서울특별시 중랑구 사가정로49길 53 (면목동)
의과,대진의료재단 분당제생병원,주장애관리,경기도 성남시 분당구 서현로180번길 20 (서현동)
의과,목포시의료원,주장애관리,전라남도 목포시 이로로 18 (용해동)
의과,의료법인 갈렌의료재단 박병원,주장애관리,경기도 평택시 송탄로 33 (장당동)
의과,의료법인대인의료재단 다니엘종합병원,주장애관리,경기도 부천시 원미구 중동로 361 다니엘종합병원 (약대동)
의과,의료법인루가의료재단 나은병원,주장애관리,인천광역시 서구 원적로 23
의과,의료법인영경의료재단전주병원,주장애관리,전북특별자치도 전주시 완산구 한두평3길 13 (중화산동2가  전주병원)
의과,인천광역시의료원,주장애관리,인천광역시 동구 방축로 217
의과,인천세종병원,주장애관리,인천광역시 계양구 계양문화로 20-0 인천세종병원
의과,전북특별자치도 군산의료원,주장애관리,전북특별자치도 군산시 의료원로 27 (지곡동  군산의료원)
의과,제주대학교병원,주장애관리,제주특별자치도 제주시 아란13길 15-0 0동 0층 0호 (아라일동 제주대학교병원)
의과,차의과학대학교분당차병원,주장애관리,경기도 성남시 분당구 야탑로 59 (야탑동)
의과,충청남도 서산의료원,주장애관리,충청남도 서산시 중앙로 149 (석림동)
의과,충청남도 천안의료원,주장애관리,충청남도 천안시 동남구 충절로 537 (삼룡동)
의과,충청남도 홍성의료원,주장애관리,충청남도 홍성군 홍성읍 조양로 224 
의과,충청북도 청주의료원,주장애관리,충청북도 청주시 서원구 흥덕로 48-0 청주의료원
의과,해남우리종합병원,주장애관리,전라남도 해남군 옥천면 해남로 597 
치과,국립재활원,구강건강관리,서울특별시 강북구 삼각산로 58 국립재활원 (수유동)
치과,대구보건대학교병원,구강건강관리,대구광역시 북구 팔거천동로 209 (동천동)
치과,성북우리아이들병원,구강건강관리,서울특별시 성북구 동소문로46길 10 (하월곡동)
치과,아이윤병원,구강건강관리,울산광역시 중구 번영로 371 3 6 7 12층 (학산동)
치과,하나병원,구강건강관리,경상남도 사천시 사천읍 진삼로 1468-8 하나병원
치과,경기도의료원 수원병원,구강건강관리,경기도 수원시 장안구 수성로245번길 69 (정자동)
치과,경기도의료원 안성병원,구강건강관리,경기도 안성시 남파로 95 경기도의료원 안성병원 (당왕동)
치과,경기도의료원 이천병원,구강건강관리,경기도 이천시 경충대로 2742 (관고동)
치과,경기도의료원의정부병원,구강건강관리,경기도 의정부시 흥선로 142 (의정부동)
치과,경기도의료원파주병원,구강건강관리,경기도 파주시 중앙로 207 경기도립의료원파주병원 (금촌동)
치과,경기도의료원포천병원,구강건강관리,경기도 포천시 포천로 1648 (신읍동)
치과,부산광역시의료원,구강건강관리,부산광역시 연제구 월드컵대로 359 (거제동  1동  5동일부)
치과,비에스종합병원,구강건강관리,인천광역시 강화군 강화읍 충렬사로 31-0 
치과,의료법인 근원의료재단 경산중앙병원,구강건강관리,경상북도 경산시 경안로 11 (백천동)
치과,의료법인 록향의료재단 신천연합병원,구강건강관리,경기도 시흥시 복지로 57 복지로 61  2층 (대야동)
치과,의료법인동춘의료재단문경제일병원,구강건강관리,경상북도 문경시 당교3길 25 (모전동)
치과,충청북도 청주의료원,구강건강관리,충청북도 청주시 서원구 흥덕로 48-0 청주의료원
치과,가온치과병원,구강건강관리,충청남도 천안시 서북구 동서대로 129 (성정동)
치과,굿윌치과병원,구강건강관리,부산광역시 사하구 낙동남로 1398 13-17층 (하단동)
치과,그랜드치과병원,구강건강관리,제주특별자치도 제주시 서광로 301 6.7.8층 (이도일동)
치과,노원 강북예치과병원,구강건강관리,서울특별시 노원구 노해로81길 5-6 노원스퀘어 5-7층 (상계동)
치과,다인치과병원,구강건강관리,서울특별시 노원구 노해로 507 5층 (상계동  와우쇼핑몰)
치과,단국대학교 치과대학 세종치과병원,구강건강관리,세종특별자치시 도움8로 87 단국빌딩 1(일부)  3층 (어진동)
치과,동래로덴치과병원,구강건강관리,부산광역시 동래구 충렬대로237번길 3 (수안동)
치과,따뜻한치과병원,구강건강관리,서울특별시 동작구 동작대로 13 3층 (사당동)
치과,라온치과병원,구강건강관리,경상남도 창원시 마산회원구 양덕로 194 (석전동  영광약국)
치과,라운드치과병원,구강건강관리,경기도 수원시 팔달구 중부대로39번길 6 202  301호 (지동)
치과,라인업치과병원,구강건강관리,부산광역시 부산진구 서면문화로 26 3-4층 (부전동)
치과,미르치과병원,구강건강관리,대구광역시 중구 공평로 12 (삼덕동2가)
치과,미르치과병원,구강건강관리,경상북도 포항시 북구 포스코대로 288 (죽도동)
치과,사과나무치과병원,구강건강관리,경기도 고양시 일산서구 중앙로 1450 사과나무치과병원 2-7층 (주엽동)
치과,서울탑치과병원,구강건강관리,서울특별시 서초구 효령로 261-1 4 5 6 7층 (서초동)
치과,원광대학교 대전치과병원,구강건강관리,대전광역시 서구 둔산로 77-0 (둔산동)
치과,의료법인 모아의료재단 모아치과병원,구강건강관리,전라남도 여수시 소호로 618 (학동)
치과,의료법인 성전의료재단 온스타치과병원,구강건강관리,대전광역시 유성구 유성대로 721-0 (장대동)
치과,의료법인 이손의료재단 이손치과병원,구강건강관리,충청남도 당진시 당진중앙2로 103-8 8  9층 (읍내동  진원스타타워)
치과,이앤미치과병원,구강건강관리,부산광역시 북구 화명대로 15 하이페리온타워 8  9  10층 (화명동)
치과,케이치과병원,구강건강관리,서울특별시 송파구 올림픽로 319 사단법인 서울특별시 교통회관 2층 (신천동)
치과,100세 플란트치과의원,구강건강관리,경기도 성남시 중원구 은이로5번길 1 건영빌딩 7층 (은행동)
치과,1퍼센트 치과의원,구강건강관리,경기도 성남시 수정구 수정로 286 정인빌딩 2층  3층일부호 (신흥동)
치과,2080치과의원,구강건강관리,부산광역시 해운대구 아랫반송로 12 2층 (반송동  서울메디컬센터)
치과,365플란트치과의원,구강건강관리,인천광역시 부평구 장제로 145 신명스카이홈 404  407호 (부평동)
치과,CDC해운대어린이치과의원,구강건강관리,부산광역시 해운대구 좌동순환로 506 804호 (중동  영풍리젠시)
치과,e-편한치과의원,구강건강관리,경기도 김포시 김포대로 835 404호 (사우동  이프라자)
치과,e튼튼치과의원,구강건강관리,경기도 하남시 감일백제로 109 M타워 감일 202-204호 (감이동)
치과,가까운우리치과의원,구강건강관리,광주광역시 북구 서양로 139 2층 (우산동)
치과,가락서울치과의원,구강건강관리,서울특별시 송파구 중대로9길 35 3층 (가락동)
치과,가음정윤치과의원,구강건강관리,경상남도 창원시 성산구 대정로 37 창원빌딩 301호 (가음동)
치과,갈매키즈앤주니어치과의원,구강건강관리,경기도 구리시 경춘북로 252 841동 5층 5호 (갈매동  갈매역아이파크)
치과,감일어린이치과의원,구강건강관리,경기도 하남시 감일백제로83번길 24 G골든프라자 4층 401-402호 (감이동)
치과,강남부부치과의원,구강건강관리,경상남도 사천시 벌리로 5 3층 (벌리동  삼천포농협북부지소)
치과,강남연세치과의원,구강건강관리,서울특별시 강남구 선릉로 30 개포빌딩 2층 2호 (개포동)
치과,강남치과의원,구강건강관리,대구광역시 동구 신암로 100 501호 (신암동  강남메디칼빌딩)
치과,강동씨엘치과의원,구강건강관리,서울특별시 강동구 양재대로 1473 희헌타워 3층 (길동)
치과,강북예스치과의원,구강건강관리,대구광역시 북구 칠곡중앙대로 455 3층 (관음동)
치과,개구장이치과의원,구강건강관리,경기도 안양시 동안구 동안로 120 4층 (호계동  올림픽스포츠센타)
치과,개구장이치과의원,구강건강관리,서울특별시 양천구 신월로 325 (신정동  개구장이치과)
치과,거여연세치과의원,구강건강관리,서울특별시 송파구 오금로 506 4층 (거여동  일동빌딩)
치과,건강한의료복지사회적협동조합 건강한마을치과의원,구강건강관리,서울특별시 성동구 고산자로 275 3층 (도선동)
치과,건강한치과의원,구강건강관리,경상남도 거제시 거제중앙로 1878-1 (고현동  제원빌딩)
치과,경대본치과의원,구강건강관리,대구광역시 서구 국채보상로 262 4층 (평리동)
치과,경희바른이주니어치과의원,구강건강관리,충청남도 당진시 밤절로 146 9 10층 (수청동  던킨도너츠)
치과,고덕키즈앤탑치과의원,구강건강관리,경기도 평택시 고덕중앙로 218 우성메디컬센터 4층 406-410호 (고덕동)
치과,고려치과의원,구강건강관리,인천광역시 강화군 강화읍 동문안길 9-1 
치과,고마운치과의원,구강건강관리,서울특별시 중랑구 사가정로50길 36 2층 (면목동  은창빌딩)
치과,고산한결치과의원,구강건강관리,전북특별자치도 완주군 고산면 고산로 88 
치과,고우니치과의원,구강건강관리,광주광역시 서구 운천로113번길 23 2층 (쌍촌동)
치과,고운우리치과의원,구강건강관리,경기도 의정부시 태평로 83 4층 (의정부동)
치과,고현치과의원,구강건강관리,경상남도 거제시 고현로 113-1 (고현동)
치과,곰돌이키즈치과의원,구강건강관리,경기도 평택시 송탄로40번길 79-16 2층 (이충동)
치과,공감치과의원,구강건강관리,충청남도 천안시 서북구 직산읍 봉주로 70 301호
치과,공릉온치과의원,구강건강관리,서울특별시 노원구 동일로 1029 동흥빌딩 3층 (공릉동)
치과,공상주니어치과의원,구강건강관리,경기도 광주시 광주대로 31 8층 801  802  805  806  807  808호 (경안동)
치과,관동치과의원,구강건강관리,강원특별자치도 강릉시 범일로 604 (내곡동)
치과,광교문치과의원,구강건강관리,경기도 수원시 영통구 광교마을로 156 201 202호 (하동  광교마을40단지 상가동)
치과,광교호수구강내과소아치과의원,구강건강관리,경기도 수원시 영통구 법조로 25 광교 SK VIEW Lake 401호  402호 (하동)
치과,광명탑치과의원,구강건강관리,경기도 광명시 광명로832번길 5 104 301-302호 (광명동)
치과,광산미래아동치과의원,구강건강관리,광주광역시 광산구 임방울대로 162 (운남동 (302호))
치과,구로좋은치과의원,구강건강관리,서울특별시 구로구 구로동로 115 청보빌딩 402호 (구로동)
치과,구리웰니스치과의원,구강건강관리,경기도 구리시 갈매순환로 154 132 133호 (갈매동)
치과,굿모닝치과의원,구강건강관리,충청남도 천안시 서북구 봉정로 321 3층 301호 (두정동)
치과,굿모닝치과의원,구강건강관리,전북특별자치도 전주시 완산구 난전들로 266 (삼천동1가)
치과,굿플란트치과의원,구강건강관리,광주광역시 남구 봉선로 2 창신빌딩 2층 (주월동)
치과,권진치과의원,구강건강관리,대구광역시 달성군 현풍면 현풍중앙로 97 
치과,그리운치과의원,구강건강관리,부산광역시 동래구 아시아드대로 226 (온천동)
치과,기쁨큰치과의원,구강건강관리,대구광역시 북구 침산로 168 4층 403호 (침산동)
치과,기장뉴욕치과의원,구강건강관리,부산광역시 기장군 기장읍 차성로288번길 30 2  3층 (뉴욕치과의원)
치과,기장웰치과의원,구강건강관리,부산광역시 기장군 기장읍 차성동로 100 대화빌딩 2층
치과,김성수치과의원,구강건강관리,경상북도 구미시 구미중앙로 48 (원평동)
치과,김원일치과의원,구강건강관리,부산광역시 남구 우암로 240 (우암동)
치과,김재영치과의원,구강건강관리,광주광역시 서구 월드컵4강로 84 2층 (화정동)
치과,김재원치과의원,구강건강관리,강원특별자치도 춘천시 금강로 70 (조양동)
치과,김치과의원,구강건강관리,전라남도 곡성군 곡성읍 군청로 18 
치과,김치과의원,구강건강관리,경기도 연천군 전곡읍 전곡로 156-1 
치과,김태규치과의원,구강건강관리,부산광역시 사하구 낙동대로 454 5층 (당리동)
치과,김포리더스치과의원,구강건강관리,경기도 김포시 김포한강8로 378 503호 (구래동  웅신프라자)
치과,김포사과나무치과의원,구강건강관리,경기도 김포시 김포한강1로51번길 20 1동 3층 (장기동  산타마리아)
치과,김포쥬니어소아치과치과의원,구강건강관리,경기도 김포시 김포한강4로 129 601 602호 (장기동  하나썬시티)
치과,김효정치과의원,구강건강관리,대구광역시 남구 대명로 283 (대명동)
치과,꼼꼼치과의원,구강건강관리,인천광역시 미추홀구 석정로 411 202호 (주안동)
치과,꿈꾸는 소아치과의원,구강건강관리,경기도 화성시 동탄순환대로 702 A동 401호 (영천동  성산타워)
치과,꿈꾸는소아치과의원,구강건강관리,경기도 수원시 권선구 금곡로 205 해피라움 412 413호 (금곡동)
치과,꿈꾸는아이치과의원,구강건강관리,경기도 부천시 소사구 범안로 117 410호  410-1호 (범박동  현대리치모아)
치과,나눔선치과의원,구강건강관리,충청북도 청주시 상당구 중고개로 330-1 드림피아 2층 5호 (금천동)
치과,남대구치과의원,구강건강관리,대구광역시 남구 대명로 260 5층 (대명동)
치과,남서울치과의원,구강건강관리,경기도 성남시 수정구 산성대로 433 5층 (단대동)
치과,남플란트치과의원,구강건강관리,서울특별시 양천구 중앙로 265 3층 (신정동)
치과,내 치과의원,구강건강관리,울산광역시 중구 명륜로 30 (우정동)
치과,내아이처럼치과의원,구강건강관리,대구광역시 달성군 다사읍 달구벌대로 855 3층(안쪽)
치과,노블리안치과의원,구강건강관리,전북특별자치도 전주시 완산구 서원로 310 2층 (중화산동2가)
치과,노블치과의원,구강건강관리,전북특별자치도 군산시 궁포1로 24-9 엔비빌딩 304호 (조촌동)
치과,뉴욕100세치과의원,구강건강관리,부산광역시 동래구 충렬대로 358 (안락동)
치과,뉴욕더원치과의원,구강건강관리,부산광역시 수영구 수영로 710-1 7층 (광안동  프라임메디컬)
치과,뉴욕윤치과의원,구강건강관리,경기도 고양시 덕양구 화정로 65-1 304호 (화정동  우리프라자)
치과,뉴욕콜롬비아치과의원,구강건강관리,경상남도 창원시 진해구 충장로 127 (여좌동)
치과,늘좋은치과의원,구강건강관리,경기도 의정부시 호국로 1433 3층 (금오동)
치과,늘편한치과의원,구강건강관리,부산광역시 강서구 명지국제8로 229 403호 (명지동)
치과,늘푸른주니어치과의원,구강건강관리,경기도 수원시 권선구 호매실로 100 2층 203  204호 (호매실동)
치과,늘해랑치과의원,구강건강관리,경기도 부천시 오정구 중동로 398 (삼정동)
치과,다나웰치과의원,구강건강관리,충청남도 천안시 서북구 노태산로 62 5층 (두정동)
치과,다나치과의원,구강건강관리,서울특별시 강남구 광평로51길 8 로얄프라자 304호 (수서동)
치과,다대치과의원,구강건강관리,부산광역시 사하구 다대로 556 3층 (다대동  한건빌딩)
치과,다대튼튼치과의원,구강건강관리,부산광역시 사하구 다대로 698 5층 (다대동)
치과,다모아치과의원,구강건강관리,경기도 남양주시 다산중앙로82번안길 118 312-317호 (다산동)
치과,닥터조이치과의원,구강건강관리,부산광역시 동래구 충렬대로 219 마노 4층 (명륜동)
치과,닥터진치과의원,구강건강관리,경기도 파주시 심학산로423번길 7-37 애플프라자 302호 (목동동)
치과,대연건치과의원,구강건강관리,부산광역시 남구 못골로12번길 35 대동레미안센트럴시티 401호-404호 (대연동)
치과,대연숲치과의원,구강건강관리,부산광역시 남구 유엔평화로 4 2층 201호 (대연동)
치과,대연어린이치과의원,구강건강관리,부산광역시 남구 수영로 324 리마크빌 대연 2층 205호 일부호 (대연동)
치과,대풍치과의원,구강건강관리,경상남도 창원시 성산구 대암로 101 대풍빌딩 4층 401호 (대방동)
치과,더365치과의원,구강건강관리,인천광역시 남동구 만수서로 62 306  307호 (만수동)
치과,더나은 치과의원,구강건강관리,경기도 안양시 만안구 안양로223번길 5 4층 (안양동)
치과,더라인치과의원,구강건강관리,경기도 수원시 영통구 영통로 115 2층 (망포동  신영통 알파빌딩)
치과,더바른치과의원,구강건강관리,경기도 용인시 기흥구 금화로 92 한솔프라자 (상갈동)
치과,더스마일치과의원,구강건강관리,서울특별시 은평구 통일로 626 유림빌딩 7층 (녹번동)
치과,더좋은이동훈치과의원,구강건강관리,부산광역시 사하구 옥천로 1 2층 (감천동)
치과,도담도담치과의원,구강건강관리,경기도 수원시 장안구 대평로 27 201동 126호 (정자동  화서역 파크푸르지오)
치과,도레미키즈치과의원,구강건강관리,경상북도 경산시 대학로 11 2층 201호 (중산동)
치과,동래유어스치과의원,구강건강관리,부산광역시 동래구 충렬대로 417 (안락동)
치과,동백쥬니어치과의원,구강건강관리,경기도 용인시 기흥구 동백5로 21-11 4층 409호 (중동  동백 훼미리프라자 1)
치과,동의치과의원,구강건강관리,부산광역시 부산진구 양정로 62 동의의료원  동의병원  동의대학교한방병원 4층 (양정동)
치과,동탄키움치과의원,구강건강관리,경기도 화성시 동탄순환대로 245 SMP타워 4층 (산척동)
치과,동탄키즈사랑소아치과의원,구강건강관리,경기도 화성시 동탄지성로 144 3층 301호 (능동  아이비타워)
치과,드림아이치과의원,구강건강관리,전라남도 광양시 공영로 74 2층 (중동)
치과,드림치주과치과의원,구강건강관리,부산광역시 사하구 낙동대로 450 4층 (당리동)
치과,드림화이트치과의원,구강건강관리,경상남도 양산시 물금읍 삽량로 30 디온플레이스 4-5층 402 502-504호
치과,디테일탑치과의원,구강건강관리,서울특별시 은평구 통일로 876 4-7층 (불광동)
치과,라온플러스치과의원,구강건강관리,경기도 의정부시 태평로 2 4층 (의정부동)
치과,라임프로치과의원,구강건강관리,경기도 안산시 단원구 광덕대로 168 신화타운 3층 301호 (고잔동)
치과,로덴치과의원,구강건강관리,경기도 광주시 중앙로 329 3층 (송정동)
치과,로덴치과의원,구강건강관리,부산광역시 남구 분포로 113 1005동 302호 (용호동  엘지메트로시티주상가)
치과,루아치과의원,구강건강관리,제주특별자치도 제주시 중앙로 337 4층 401  402  403호 (이도이동)
치과,리버스치과의원,구강건강관리,서울특별시 양천구 신월로 332 3층 (신정동)
치과,리솜치과의원,구강건강관리,서울특별시 강남구 개포로 265 개포동 메디시스빌딩 403호 (개포동)
치과,리조이스치과의원,구강건강관리,부산광역시 수영구 수영로 630 5층 (광안동)
치과,마곡세브란스치과의원,구강건강관리,서울특별시 강서구 마곡중앙6로 93 열린프라자 401호 (마곡동)
치과,마리나웰치과의원,구강건강관리,부산광역시 해운대구 해운대해변로 117 상가동 2층 207호 (우동  대우마리나1차아파트)
치과,마리아쥬니어치과의원,구강건강관리,서울특별시 관악구 봉천로 576 201호 (봉천동  동아타운아파트)
치과,마움치과의원,구강건강관리,서울특별시 강서구 공항대로 103 판매시설 2동 2층 212호 (마곡동)
치과,마음심는치과의원,구강건강관리,경기도 용인시 처인구 백암면 백암로 199 102호 103호 104호
치과,마음치주과치과의원,구강건강관리,경기도 군포시 산본천로 62 인베스텔 4층 413호 (산본동)
치과,맘애든어린이치과의원,구강건강관리,충청남도 천안시 서북구 불당25로 178 에이블타워 5층 503호 (불당동)
치과,맘애든치과의원,구강건강관리,세종특별자치시 도움3로 105-8 501.502호 (종촌동  신목빌딩)
치과,매산힐스치과의원,구강건강관리,경기도 수원시 팔달구 갓매산로 38 (매산로2가)
치과,메가플란트치과의원,구강건강관리,서울특별시 서대문구 세무서길 8 조이빌딩1별관 7층 (홍제동)
치과,메가플란트치과의원,구강건강관리,경기도 부천시 소사구 경인로 222 니나 메디컬 타워   7층 (심곡본동)
치과,메디플란트치과의원,구강건강관리,경기도 파주시 금릉역로 186 3층 (금촌동)
치과,메르덴쥬니어치과의원,구강건강관리,경기도 부천시 원미구 상동로 69 404 405호 (상동  새롬프라자)
치과,메트로치과의원,구강건강관리,경기도 오산시 수청로 188 (금암동)
치과,명아치과의원,구강건강관리,부산광역시 금정구 중앙대로 1937 5층 (구서동)
치과,모두애치과의원,구강건강관리,경기도 파주시 교하로 75 503호 (목동동  신운정프라자3)
치과,모두찾는치과의원,구강건강관리,경기도 남양주시 순화궁로 357 화성프라자 401호 (별내동)
치과,모두치과의원,구강건강관리,서울특별시 구로구 경인로 661 신도림1차푸르지오 217 232호 (신도림동)
치과,문막애치과의원,구강건강관리,강원특별자치도 원주시 문막읍 왕건로 81 동화빌딩 201호
치과,미듬치과의원,구강건강관리,부산광역시 남구 용호로 141 3층 (용호동)
치과,미래로치과의원,구강건강관리,서울특별시 송파구 위례서로 248 세계로병원 2층 202-203호 (거여동)
치과,미리본치과의원,구강건강관리,충청남도 천안시 서북구 성정두정로 12 7층 (성정동)
치과,미서울치과의원,구강건강관리,서울특별시 송파구 마천로 53 4층 (오금동  대경빌딩)
치과,미소가있는치과의원,구강건강관리,경기도 안산시 단원구 민속공원로 75 3층 (고잔동)
치과,미소로치과의원,구강건강관리,대전광역시 대덕구 계족산로 5 3층 (중리동)
치과,미소사랑치과의원,구강건강관리,서울특별시 중랑구 동일로 890 5층 (묵동)
치과,미소지음치과의원,구강건강관리,경기도 시흥시 거북섬로 211 3층 302 303호 (정왕동)
치과,미소진치과의원,구강건강관리,부산광역시 부산진구 가야대로 462-1 2일부 3 9일부층 (개금동)
치과,미시간치과의원,구강건강관리,강원특별자치도 강릉시 강릉대로228번길 4 3-4층 (임당동)
치과,미시간치과의원,구강건강관리,부산광역시 연제구 중앙대로 1111 위드타워 5층 (연산동)
치과,미앤이치과의원,구강건강관리,경상남도 김해시 무계로 56 메가시티몰 3층 322호 (무계동)
치과,미주치과의원,구강건강관리,광주광역시 북구 서암대로 33 2층 (운암동)
치과,미플러스치과의원,구강건강관리,충청남도 아산시 신창면 남성길 134 
치과,미플러스치과의원,구강건강관리,경기도 군포시 금산로 114 3층 (산본동  태웅빌딩)
치과,민들레의료복지사회적협동조합민들레치과의원,구강건강관리,대전광역시 대덕구 계족로663번길 28 2층 (법동)
치과,민들레치과의원,구강건강관리,대구광역시 수성구 들안로 416 청운신협 4층 (범어동)
치과,민치과의원,구강건강관리,경상북도 울진군 울진읍 울진중앙로 120
치과,민트치과의원,구강건강관리,부산광역시 동구 범일로 102 3층 (범일동  성호빌딩)
치과,믿음가는치과의원,구강건강관리,서울특별시 동대문구 왕산로 186 청량리역 우남SL타워300 5층 503-507호 (전농동)
치과,밀알치과의원,구강건강관리,전라남도 순천시 호남길 1 (행동)
치과,바라봄치과교정과의원,구강건강관리,경기도 구리시 장자대로 82 우건빌딩 4층 (수택동)
치과,바른마음치과의원,구강건강관리,경기도 남양주시 오남읍 진건오남로 809 2층
치과,바른수치과의원,구강건강관리,광주광역시 서구 상무대로 1084 3층 301호 (화정동)
치과,바른이치과의원,구강건강관리,부산광역시 해운대구 양운로42번길 20 (좌동)
치과,바른정성치과의원,구강건강관리,서울특별시 중랑구 봉우재로 42 (면목동)
치과,박기봉치과의원,구강건강관리,부산광역시 금정구 중앙대로1985번길 1 (남산동)
치과,박성배치과의원,구강건강관리,대구광역시 수성구 달구벌대로 2489 (범어동)
치과,박원식오케이치과의원,구강건강관리,경기도 안양시 동안구 관평로 312 3층 (관양동)
치과,박이훈치과의원,구강건강관리,부산광역시 동래구 사직북로 4 5층 501호 (사직동  삼정 자이언츠 파크)
치과,박지우플란트치과의원,구강건강관리,전라남도 나주시 다시면 다시로 178 1층 (미림정)
치과,박치과의원,구강건강관리,부산광역시 기장군 기장읍 차성로288번길 57 
치과,박형근치과의원,구강건강관리,광주광역시 광산구 송도로 160 (도산동)
치과,반석위치과의원,구강건강관리,대전광역시 유성구 북유성대로 303 뉴타운프라자 지상2층 202-206호 (반석동)
치과,반짝반짝어린이치과의원,구강건강관리,서울특별시 동대문구 사가정로 122 301호 (전농동)
치과,밝은치과의원,구강건강관리,경기도 성남시 수정구 산성대로 247 6층 (신흥동)
치과,방배본치과의원,구강건강관리,서울특별시 서초구 동작대로 114 (재)원불교 유문빌딩 8층 (방배동)
치과,백년약속치과의원,구강건강관리,서울특별시 은평구 응암로 278 4 5층 (응암동)
치과,백세치과의원,구강건강관리,경기도 의정부시 태평로 72 3층 (의정부동)
치과,버드나무치과의원,구강건강관리,경기도 의정부시 비우로 110 4층 (녹양동)
치과,버들치과의원,구강건강관리,광주광역시 서구 상무버들로 18 2층 201호 (유촌동)
치과,보스톤미치과의원,구강건강관리,서울특별시 강서구 강서로45길 174 306호 (내발산동  수명산씨티)
치과,보스톤치과의원,구강건강관리,충청북도 진천군 광혜원면 중리3길 21
치과,보스톤플란트치과의원,구강건강관리,경기도 김포시 김포한강1로 250 골든타임 7층 701호 (운양동)
치과,본정치과의원,구강건강관리,인천광역시 미추홀구 낙섬중로38번길 1 2층 (용현동)
치과,봄별소아치과의원,구강건강관리,경기도 안양시 만안구 태평로52번길 21 211호  212호 (안양동)
치과,봄봄어린이치과의원,구강건강관리,부산광역시 강서구 명지국제8로 240 401호 (명지동)
치과,봄봄치과의원,구강건강관리,경기도 수원시 영통구 영통로 511 2층 (영통동)
치과,부강 강치과의원,구강건강관리,부산광역시 해운대구 센텀3로 20 203-1호 (우동  벡스코 비지니스호텔)
치과,부부치과의원,구강건강관리,충청남도 아산시 번영로 207 동양빌딩 2층 (모종동)
치과,분당어린이치과의원,구강건강관리,경기도 성남시 분당구 장안로 27 3층 (분당동  SNH타워)
치과,불당드림치과의원,구강건강관리,충청남도 천안시 서북구 불당25로 146 402 403호 (불당동)
치과,브라운치과의원,구강건강관리,경상북도 경산시 펜타힐즈2로 45 203  204호 (중산동)
치과,블루마치과의원,구강건강관리,울산광역시 북구 화암1길 52 1층 204호 (산하동)
치과,비오케이김봉옥치과의원,구강건강관리,서울특별시 강남구 압구정로 208 본경빌딩 4층 (신사동)
치과,비우고채우는치과의원,구강건강관리,광주광역시 광산구 하남대로 269 2층 (신가동)
치과,비전치과의원,구강건강관리,광주광역시 광산구 풍영로329번길 19 상가동 2층 203호 (장덕동  수완지구 호반베르디움 2차아파트)
치과,빛치과의원,구강건강관리,서울특별시 송파구 올림픽로 145 (잠실동  리센츠상가 4B 19호)
치과,쁘띠치과의원,구강건강관리,대구광역시 남구 대봉로 66 2층 (봉덕동)
치과,사람사랑치과의원,구강건강관리,서울특별시 양천구 목동로 203 2층 (신정동)
치과,사람인치과의원,구강건강관리,부산광역시 동래구 아시아드대로 186 4층 (사직동)
치과,산본어린이치과의원,구강건강관리,경기도 군포시 산본로323번길 27 성원빌딩 4층 (산본동)
치과,살림의료복지사회적협동조합 살림치과의원,구강건강관리,서울특별시 은평구 서오릉로 149 세웅그룹빌딩 10층 (구산동)
치과,삼성리더스치과의원,구강건강관리,서울특별시 구로구 중앙로 64 (고척동  고척프라자)
치과,삼성바른아이치과의원,구강건강관리,경기도 수원시 권선구 금곡로 206 303호 (금곡동  우성메디피아2)
치과,삼성주니어치과의원,구강건강관리,인천광역시 부평구 길주로 635 302호 (삼산동  엘림타워)
치과,삼성탑치과의원,구강건강관리,경상북도 포항시 북구 중흥로 265 성원메디칼 B/D 6층 (죽도동)
치과,삼아이치과의원,구강건강관리,충청남도 천안시 서북구 성성8로 14-4 미주타워 3층 (성성동)
치과,상아치과의원,구강건강관리,대전광역시 유성구 계룡로 48 (봉명동)
치과,상쾌한필치과의원,구강건강관리,경기도 양평군 양평읍 시민로 37-1 
치과,새솔다온치과의원,구강건강관리,경기도 화성시 꽃내음1길 19-6 301 302호 (새솔동)
치과,새싹사랑치과의원,구강건강관리,서울특별시 영등포구 여의대방로 25 206 207호 (신길동)
치과,샤인키즈앤쥬니어치과의원,구강건강관리,경기도 고양시 일산동구 일산로 198 주화빌딩 2층 201-202호 (마두동)
치과,서강박치과의원,구강건강관리,서울특별시 마포구 토정로 195 3-4층 (구수동)
치과,서산웰치과의원,구강건강관리,충청남도 서산시 안견로 216 1층 (동문동)
치과,서울가족치과의원,구강건강관리,인천광역시 서구 가정로 369 서경 플러스 존 3층 303호  305호 일부호 (신현동)
치과,서울감동치과의원,구강건강관리,경기도 화성시 송산면 사강로 161 2층 201호
치과,서울개구장이치과의원,구강건강관리,서울특별시 광진구 광나루로 614 5층 (구의동  만택빌딩)
치과,서울네이처치과의원,구강건강관리,경기도 하남시 미사강변남로 103 미사랑데르Ⅲ 303 304호 (망월동)
치과,서울다온치과의원,구강건강관리,경기도 여주시 여흥로 115 2층 1호-3호 (홍문동)
치과,서울더바른치과의원,구강건강관리,강원특별자치도 원주시 문막읍 왕건로 22 3층 301호
치과,서울더센트럴치과의원,구강건강관리,경기도 광주시 초월읍 경충대로 1087 3 2층 201호
치과,서울더안치과의원,구강건강관리,경기도 광주시 경안로 13-1 경안빌딩 3층 (경안동)
치과,서울망원치과의원,구강건강관리,서울특별시 마포구 망원로 80 2층 (망원동)
치과,서울미듬직치과의원,구강건강관리,서울특별시 중랑구 양원역로10길 17 제이메디컬 4층 (망우동)
치과,서울바담치과의원,구강건강관리,경기도 수원시 권선구 세류로90번길 31 201  202호 (세류동)
치과,서울박사치과의원,구강건강관리,경기도 성남시 수정구 수정로 326 3층 (산성동)
치과,서울백년치과의원,구강건강관리,경기도 포천시 중앙로 123-1 2층 (신읍동)
치과,서울본치과의원,구강건강관리,경기도 구리시 검배로 5 우진빌딩 2층 (수택동)
치과,서울삼성치과의원,구강건강관리,인천광역시 서구 중봉대로 588 청라센트럴프라자 303 304 305호 (청라동)
치과,서울손치과의원,구강건강관리,서울특별시 송파구 마천로5길 6 가송빌딩 3층 (오금동)
치과,서울송추치과의원,구강건강관리,경기도 양주시 장흥면 가마골로 4 
치과,서울스카이치과의원,구강건강관리,서울특별시 성북구 성북로4길 52 417동 1208 1209 1210호 (돈암동  한신한진아파트)
치과,서울아이미래치과의원,구강건강관리,경기도 화성시 동탄신리천로 406 리더스퀘케어 312-313호 (목동)
치과,서울아이치과의원,구강건강관리,서울특별시 서대문구 응암로 60 2-3층 201 301호 (북가좌동  경원빌딩)
치과,서울아이편해치과의원,구강건강관리,경기도 수원시 권선구 금곡로102번길 15 비즈웍스 529  530호 (금곡동)
치과,서울연치과의원,구강건강관리,경기도 고양시 덕양구 화신로 254 202  301호 (화정동)
치과,서울오늘치과의원,구강건강관리,경기도 고양시 덕양구 동송로 63 3층 (삼송동)
치과,서울오치과의원,구강건강관리,경상남도 창원시 의창구 북면 동전로 63 (현대힐프라자 401호 402호)
치과,서울오케이치과의원 별가람점,구강건강관리,경기도 남양주시 덕송1로 51 4층 401호 (별내동)
치과,서울온정치과의원,구강건강관리,경기도 하남시 신평로 53 2층 (신장동)
치과,서울우리아이치과의원,구강건강관리,광주광역시 광산구 임방울대로 321 운재빌딩 4 5층 (수완동)
치과,서울우수한치과의원,구강건강관리,경기도 이천시 장호원읍 이선룡로 16 4층
치과,서울웃는아이치과의원,구강건강관리,경기도 남양주시 늘을2로14번길 5 샤르망메디칼프라자 5층 503호  504호 (호평동)
치과,서울위즈덤치과의원,구강건강관리,부산광역시 부산진구 동평로 350 308호 (양정동  현대프라자)
치과,서울이플란트치과의원,구강건강관리,경상남도 함양군 함양읍 고운로 76 
치과,서울정답치과교정과치과의원,구강건강관리,서울특별시 송파구 송파대로 345 1A동 3033호 (가락동  헬리오시티)
치과,서울정성드림치과의원,구강건강관리,경기도 시흥시 중심상가4길 10-1 1층 (정왕동)
치과,서울정진치과의원,구강건강관리,인천광역시 미추홀구 숙골로87번길 2 센타프라자 4층전층 501호 일부호 (도화동)
치과,서울제일치과의원,구강건강관리,경기도 평택시 안중읍 안현로 429 (서울제일병원)
치과,서울쥬니어치과의원,구강건강관리,경기도 이천시 중리천로 76 2층 (중리동  라온팰리스)
치과,서울지디치과의원,구강건강관리,서울특별시 양천구 중앙로 291 2층 (신월동)
치과,서울치과의원,구강건강관리,경기도 하남시 신장로 152 4층 (덕풍동  성하빌딩)
치과,서울캐릭터치과의원,구강건강관리,서울특별시 광진구 뚝섬로 542 자양2차현대아파트 상가동 2층 (자양동)
치과,서울키즈플러스치과의원,구강건강관리,서울특별시 관악구 관악로 200 403 404호 (봉천동)
치과,서울탑플란트치과의원,구강건강관리,부산광역시 연제구 중앙대로 1077 3층 (연산동)
치과,서울토토치과의원,구강건강관리,서울특별시 강남구 도곡로 521 (대치동  대치플라자 203호)
치과,서울튼튼치과의원,구강건강관리,충청북도 청주시 상당구 중고개로 320 3층 (금천동)
치과,서울티플란트치과의원,구강건강관리,인천광역시 부평구 광장로4번길 11 중보빌딩 6층 (부평동)
치과,서울티플란트치과의원,구강건강관리,경기도 수원시 팔달구 권광로 200 (인계동 5층)
치과,서울하얀치과의원,구강건강관리,경기도 성남시 분당구 성남대로 170 308호 (금곡동  한국프라자)
치과,서울하우치과의원,구강건강관리,서울특별시 구로구 경인로40길 25 상가동 2층 (개봉동  청실아파트)
치과,서울하이치과의원,구강건강관리,경기도 성남시 분당구 판교로255번길 9-22 226호 (삼평동  판교 우림 W-CITY)
치과,서울현치과의원,구강건강관리,경상남도 진주시 진양호로 541 지하1  1-4층 (대안동)
치과,서울홍진선치과의원,구강건강관리,경기도 오산시 경기대로 174 다모아프라자 2층 204 205호 (원동)
치과,서울효앤주니어소아치과의원,구강건강관리,서울특별시 강서구 공항대로 186 로뎀타워 3층 304 305 305-1호 (마곡동)
치과,서울훈치과의원,구강건강관리,경기도 부천시 소사구 경인로 499 2층 일부 (괴안동)
치과,서정치과의원,구강건강관리,광주광역시 동구 남문로 694-7 (학동)
치과,서초주니어치과의원,구강건강관리,서울특별시 서초구 청계산로9길 70 내곡 SH 플라자 2층 208호 (내곡동)
치과,서현치과의원,구강건강관리,부산광역시 사상구 백양대로494번길 12 106동 203호 (주례동  동일1차아파트상가)
치과,선한마음치과의원,구강건강관리,서울특별시 노원구 상계로1길 74 동진상가 302 303호 (상계동)
치과,성모치과의원,구강건강관리,경기도 동두천시 동광로 54-1 (생연동)
치과,성소치과의원,구강건강관리,부산광역시 남구 수영로 175 5층 (대연동  SMG빌딩)
치과,성심치과의원,구강건강관리,경기도 성남시 수정구 산성대로 263 2 3층 (신흥동)
치과,세브란스봄치과의원,구강건강관리,경기도 고양시 덕양구 충장로 140 305호 (행신동  썬프라자)
치과,세브란스치과의원,구강건강관리,충청북도 제천시 의병대로 105 4층 (남천동)
치과,세이지치과의원,구강건강관리,서울특별시 중구 다산로 128-1 6층 (신당동)
치과,세종꾸러기소아치과의원,구강건강관리,세종특별자치시 한누리대로 2012 코끼리타워 301 302 303호 (소담동)
치과,세종치과의원,구강건강관리,경기도 안양시 만안구 충훈로 83 (석수동)
치과,세화방치과의원,구강건강관리,제주특별자치도 제주시 구좌읍 구좌로 40 3층
치과,센텀어린이치과의원,구강건강관리,부산광역시 해운대구 센텀중앙로 142 상가1동 202호 (재송동  더샵센텀파크2차아파트)
치과,센텀오딧세이치과의원,구강건강관리,부산광역시 해운대구 해운대로 369 9 10층 (우동  해운대센텀메디칼센터)
치과,센텀플란트치과의원,구강건강관리,강원특별자치도 원주시 능라동길 70 2층 203-206호 (무실동)
치과,소연치과의원,구강건강관리,경기도 광명시 디지털로 56 상가동 2층 207-208호 (철산동  철산래미안자이아파트)
치과,송도바른치과의원,구강건강관리,인천광역시 연수구 해돋이로 165 차오름 프라자 404호 (송도동)
치과,송정봄소아치과의원,구강건강관리,울산광역시 북구 화산로 115 705-707호 (송정동)
치과,송정부부치과의원,구강건강관리,광주광역시 광산구 내상로 2 2층 (송정동)
치과,송파수치과의원,구강건강관리,서울특별시 송파구 오금로 551 208동 207 208호 (거여동  e편한세상 송파 파크센트럴)
치과,수목치과의원,구강건강관리,부산광역시 수영구 수영로 604 토마스앤레지나 3층 301 302 303호 (광안동)
치과,수완꾸러기치과의원,구강건강관리,광주광역시 광산구 임방울대로 330 3층 301호 (수완동)
치과,수원아이온소아치과치과의원,구강건강관리,경기도 수원시 영통구 덕영대로 1470 망포역 플래티넘베이스 5층 503 504호 (망포동)
치과,스마트치과의원,구강건강관리,서울특별시 강서구 화곡로 429 501호 (가양동)
치과,시지예미송키즈치과의원,구강건강관리,대구광역시 수성구 달구벌대로 3231 (신매동)
치과,시카고치과의원,구강건강관리,경기도 고양시 덕양구 충장로 134 406호 (행신동  아이프라자)
치과,시흥샛별소아치과치과의원,구강건강관리,경기도 시흥시 승지로59번길 12 시티타워 2층 208-209호 (능곡동)
치과,시흥퍼스트치과의원,구강건강관리,경기도 시흥시 능곡번영길 30 4층 407-409호 (능곡동)
치과,신갈강남치과의원,구강건강관리,경기도 용인시 기흥구 신구로12번길 19 (구갈동)
치과,신사이사랑치과의원,구강건강관리,서울특별시 강남구 논현로 607 신양빌딩 3층 (논현동)
치과,신세계미치과의원,구강건강관리,경상남도 김해시 전하로304번길 27 3층 (외동)
치과,신세계치과의원,구강건강관리,경상북도 포항시 북구 두호로 24 (두호동)
치과,신정현대치과의원,구강건강관리,울산광역시 남구 대암로 69 (야음동)
치과,신철규치과의원,구강건강관리,부산광역시 사하구 다대로 437 4층 (다대동)
치과,신촌유앤아이치과의원,구강건강관리,서울특별시 마포구 신촌로 82 3층 (노고산동)
치과,아름다운치과의원,구강건강관리,서울특별시 강동구 천호대로 1210 은선빌딩 2층 201호 (둔촌동)
치과,아이꿈꾸는치과의원,구강건강관리,경상북도 구미시 신시로 97 5층 (형곡동)
치과,아이끌림치과의원,구강건강관리,경기도 화성시 동탄대로 489 우성KTX 708호 (오산동)
치과,아이다온치과의원,구강건강관리,경기도 파주시 청석로 268 401호 (동패동  미소시티)
치과,아이사랑치과의원,구강건강관리,충청남도 서산시 고운로 275-5 4층 (동문동  동문프라자)
치과,아이샘치과의원,구강건강관리,대구광역시 북구 팔거천동로 217 2층 (동천동)
치과,아이소망소아치과의원,구강건강관리,경기도 평택시 고덕국제대로 77 1동 4107호 4108호 4109호 (고덕동  힐스테이트 고덕 센트럴)
치과,아이앤조이치과의원,구강건강관리,대전광역시 서구 계룡로553번길 18 2층 204호 (탄방동)
치과,아이엔소아치과의원,구강건강관리,경기도 남양주시 다산중앙로123번길 21-5 701-705호 (다산동)
치과,아이참소아치과의원,구강건강관리,충청남도 아산시 탕정면 한들물빛5로 33 4층 407 408호
치과,아이큰숲치과의원,구강건강관리,대구광역시 수성구 달구벌대로 2273 6층 (수성동4가)
치과,아이편한소아치과의원,구강건강관리,경기도 성남시 수정구 산성대로 267 501  502  535호 (신흥동)
치과,아이한길소아치과의원,구강건강관리,경기도 시흥시 황고개로 536 장현리메인시티 501-504호 (장곡동)
치과,아이홈소아치과의원,구강건강관리,경기도 김포시 중봉로 14 홈플러스 2층 (감정동)
치과,아트리움치과의원,구강건강관리,경기도 평택시 비전5로 16 프라우빌딩 305 306 307호 (비전동)
치과,안성성모치과의원,구강건강관리,경기도 안성시 시장길 58 안성성모병원 302호 (서인동)
치과,안심플란트치과의원,구강건강관리,대구광역시 동구 경안로 728 2층 202호 (동호동)
치과,안양어린이치과의원,구강건강관리,경기도 안양시 동안구 관악대로 103 508호 (비산동  103에비뉴)
치과,안하나어린이치과의원,구강건강관리,광주광역시 북구 서강로 89 3층 301호 (운암동)
치과,알프스치과의원,구강건강관리,인천광역시 계양구 오조산로 3 한미리빌딩 4층 401호 (작전동)
치과,애플치과의원,구강건강관리,부산광역시 중구 비프광장로 40 (남포동5가)
치과,양산아이들치과의원,구강건강관리,경상남도 양산시 물금읍 청운로 354 304  305호
치과,양치과의원,구강건강관리,서울특별시 강남구 역삼로 124 (역삼동  2층일부)
치과,어린왕자치과의원,구강건강관리,서울특별시 마포구 월드컵로 240 지하1층 1호 (성산동  서울월드컵경기장)
치과,얼굴에미소치과의원,구강건강관리,경기도 남양주시 진접읍 금강로1573번길 6 2.3층 (복송빌딩)
치과,에뉴치과의원,구강건강관리,강원특별자치도 춘천시 중앙로 62 (중앙로2가)
치과,에덴치과의원,구강건강관리,서울특별시 강서구 화곡로 301 (화곡동)
치과,에이스치과의원,구강건강관리,충청북도 청주시 청원구 율중로 11 2층 (율량동)
치과,엔젤아이치과의원,구강건강관리,경기도 수원시 장안구 만석로19번길 41-9 401호 (천천동)
치과,엘에이USC치과의원,구강건강관리,부산광역시 동래구 사직로70번길 76 3층 301호 (사직동  한솔부동산)
치과,연세고덕에스치과의원,구강건강관리,경기도 평택시 고덕중앙로 200-4 우성고덕타워 308 309 310 311 312 313 314호 (고덕동)
치과,연세고운미소치과의원,구강건강관리,서울특별시 강동구 천호대로 1021 (천호동  덕성빌딩)
치과,연세꿈꾸는아이치과의원,구강건강관리,서울특별시 송파구 위례송파로 77 4층 403 404 405 406호 (거여동)
치과,연세꿈꾸는아이치과의원,구강건강관리,경기도 성남시 수정구 희망로 551 502 504 505호 (신흥동)
치과,연세꿈꾸는아이치과의원,구강건강관리,인천광역시 서구 이음대로 378 로뎀타워 701-704호 (원당동)
치과,연세꿈꾸는치과교정과의원,구강건강관리,서울특별시 강동구 양재대로 1360 포레온스테이션5 2층 2092-2097호 (둔촌동)
치과,연세꿈꾸는치과의원,구강건강관리,서울특별시 양천구 오목로 345 목동 슬로우스퀘어 4층 411 418 419 420호 (목동)
치과,연세꿈꾸는치과의원,구강건강관리,경기도 하남시 미사강변남로 91 르보아파크 Ⅱ 416 426-431호 (망월동)
치과,연세나은치과의원,구강건강관리,충청남도 천안시 서북구 검은들1길 12 301 302호 (불당동)
치과,연세뉴치과의원,구강건강관리,충청남도 아산시 배방읍 고속철대로 83 103-107  204호
치과,연세더튼튼치과의원,구강건강관리,서울특별시 도봉구 도봉로 873 화성빌딩 2층 (도봉동)
치과,연세림치과의원,구강건강관리,경기도 용인시 기흥구 구성로 93 (언남동  언남프라자)
치과,연세미소누리치과의원,구강건강관리,경기도 용인시 기흥구 흥덕중앙로 41 (영덕동  흥덕웰스프라자)
치과,연세미소미함치과의원,구강건강관리,경기도 남양주시 진접읍 해밀예당1로 30-25 해밀빌딩 301호
치과,연세바른이치과의원,구강건강관리,경기도 고양시 일산동구 중앙로 1188 (마두동 3층)
치과,연세비전치과의원,구강건강관리,인천광역시 부평구 부평대로167번길 54 202호 203호 (청천동)
치과,연세세브란스치과의원,구강건강관리,경기도 의정부시 시민로 83 광장타워 10층 (의정부동)
치과,연세손치과의원,구강건강관리,인천광역시 부평구 마장로 438 2 3층 (청천동)
치과,연세스카이치과의원,구강건강관리,강원특별자치도 원주시 단구로 395 2층 (단구동)
치과,연세아이랑엄마랑치과의원,구강건강관리,경기도 안양시 만안구 만안로 241 3층 (안양동  대성빌딩)
치과,연세아이치과의원,구강건강관리,서울특별시 강서구 강서로45길 17 2층 (화곡동)
치과,연세어린이치과의원,구강건강관리,경기도 의왕시 포일로 43 대림프라자 305호 (내손동)
치과,연세어린이치과의원,구강건강관리,서울특별시 송파구 송파대로 98 (문정동  선도빌딩)
치과,연세온가족치과의원,구강건강관리,경기도 남양주시 다산지금로 141 제일프라자 401호 및 402호 (다산동)
치과,연세우주치과의원,구강건강관리,서울특별시 강동구 아리수로93길 33 베스트프라자 4층 1 2호 (강일동)
치과,연세웰주니어치과의원,구강건강관리,서울특별시 강동구 양재대로 1638 3층 (명일동)
치과,연세웰키즈치과의원,구강건강관리,경기도 용인시 기흥구 죽전로 46 (보정동)
치과,연세웰키즈치과의원,구강건강관리,경기도 수원시 영통구 센트럴타운로 111 광교스타힐스 오피스텔 303-2  304호 (이의동)
치과,연세조아치과의원,구강건강관리,인천광역시 서구 완정로 36 2 3층 일부호 (마전동  한성빌딩)
치과,연세좋은손치과의원,구강건강관리,서울특별시 서초구 서초대로 304 3층 (서초동  강한미크리닉빌딩)
치과,연세주니어치과의원,구강건강관리,서울특별시 양천구 목동서로 377 (신정동  이스타빌3차아파트)
치과,연세참소망치과의원,구강건강관리,서울특별시 관악구 봉천로 227 302호 (봉천동  보라매샤르망)
치과,연세키즈주니어치과의원,구강건강관리,서울특별시 동대문구 장한로 140 4층 (장안동)
치과,연세타이밍치과의원,구강건강관리,서울특별시 강동구 양재대로 1465 마루홈타운 5층 (길동)
치과,연세통합치과의원,구강건강관리,서울특별시 마포구 백범로31길 8 2층 210 211 214 216호 (공덕동  공덕 SK 리더스뷰)
치과,연세프렌즈치과의원,구강건강관리,경기도 남양주시 별내중앙로 30 (별내동  별내로데오몰 501호)
치과,연세하늘치과의원,구강건강관리,충청남도 당진시 밤절로 168 (수청동  로뎀타워)
치과,연세희망치과의원,구강건강관리,경기도 고양시 덕양구 중앙로 478 행신미원프라자 302-307호 (행신동)
치과,연수퍼스트치과의원,구강건강관리,인천광역시 연수구 앵고개로246번길 10 2 3층 (동춘동  대산프라자)
치과,연우치과의원,구강건강관리,강원특별자치도 원주시 무실로12번길 24 2층 (일산동)
치과,열린치과의원,구강건강관리,서울특별시 강서구 양천로57길 13 401호 (가양동  씨드가양프라자)
치과,열린치과의원,구강건강관리,부산광역시 해운대구 신반송로 208 (반송동)
치과,열린치과의원,구강건강관리,경기도 포천시 이동면 장암1길 12 1층
치과,열린치과의원,구강건강관리,인천광역시 부평구 무네미로 446 근로복지공단인천병원 (구산동)
치과,예감치과의원,구강건강관리,서울특별시 노원구 동일로207길 18 206호 (중계동  그린아파트B상가)
치과,예미안치과의원,구강건강관리,부산광역시 동래구 명륜로 188 (명륜동)
치과,예부부치과의원,구강건강관리,대구광역시 수성구 달구벌대로641길 17-2 202호 (매호동)
치과,예쁜치과의원,구강건강관리,경상남도 창원시 마산합포구 서성로 48 (신포동2가  대우메디칼빌딩)
치과,예스서울치과의원,구강건강관리,인천광역시 중구 영종대로 184 402호 403호 일부 (운서동)
치과,예인치과의원,구강건강관리,경기도 여주시 세종로 73 2층 (홍문동)
치과,예일치과의원,구강건강관리,경기도 파주시 금릉역로 84-203 (금촌동  청원센트럴타워)
치과,예튼e치과의원,구강건강관리,경기도 평택시 평남로 635 (합정동)
치과,오복어린이치과의원,구강건강관리,광주광역시 광산구 장신로 85 2층 203.206호 (장덕동)
치과,오치과의원,구강건강관리,서울특별시 중구 청파로 427-3 3층 (중림동)
치과,오케이치과의원,구강건강관리,서울특별시 관악구 남부순환로 1731 자애빌딩 4층 (봉천동)
치과,온마음치과의원,구강건강관리,부산광역시 금정구 중앙대로 2029 대원빌딩 2층 (남산동)
치과,온아치과의원,구강건강관리,경기도 동두천시 평화로 2297 4층 (지행동)
치과,온유치과의원,구강건강관리,강원특별자치도 춘천시 금강로 72 6층 (조양동)
치과,올굿치과의원,구강건강관리,서울특별시 영등포구 당산로 57 2층 (문래동3가)
치과,올바른치과의원,구강건강관리,경상북도 포항시 북구 용두산길 40-1 2층 (두호동)
치과,용인쥬니어치과의원,구강건강관리,경기도 용인시 처인구 금령로 64 4층 407 408호 (김량장동  아이렉스타워)
치과,우리가족소아치과의원,구강건강관리,서울특별시 구로구 오류로 20 새롬스타빌 305호 (천왕동)
치과,우리동래치과의원,구강건강관리,부산광역시 동래구 충렬대로 152 4층 401 402호 (온천동)
치과,우리샘치과의원,구강건강관리,경기도 성남시 수정구 위례광장로 320 5층 506 507호 (창곡동  아이에스센트럴타워)
치과,우리아이소아치과의원,구강건강관리,경기도 파주시 경의로 1090 삼융타워 408호 (야당동)
치과,우리아이키즈치과의원,구강건강관리,경기도 화성시 봉담읍 동화길 93-16 403호 (스타타워1차)
치과,우리쥬니어치과의원,구강건강관리,경기도 안양시 동안구 시민대로 175 406호 (비산동  동안프라자)
치과,우리치과의원,구강건강관리,전라남도 목포시 연산백련로 4-6 2층 (연산동)
치과,우리치과의원,구강건강관리,부산광역시 해운대구 해운대로 636 2 3층 (우동)
치과,우림치과의원,구강건강관리,경상남도 김해시 활천로 22 (삼정동  우림빌딩 2층)
치과,운서조은사람치과의원,구강건강관리,인천광역시 중구 흰바위로 37 영종프라자 401호 (운서동)
치과,울산스마트치과의원,구강건강관리,울산광역시 중구 곽남길 6 2층 (남외동)
치과,웃음꽃피는치과의원,구강건강관리,경기도 용인시 수지구 광교중앙로 301 302-303호 (상현동)
치과,워싱턴치과의원,구강건강관리,경기도 평택시 경기대로 269 (비전동)
치과,월배본치과의원,구강건강관리,대구광역시 달서구 조암남로32길 20-4 3층 303 304호 (대천동)
치과,웰빙치과의원,구강건강관리,경상남도 김해시 번화1로 82 옥스포드빌딩 302호 (대청동)
치과,위민치과의원,구강건강관리,광주광역시 광산구 사암로215번길 45 (우산동)
치과,위키즈주니어치과의원,구강건강관리,서울특별시 송파구 올림픽로 145 리센츠 3층 제3에이 34 35호 (잠실동)
치과,유디상무치과의원,구강건강관리,광주광역시 서구 운천로 207 2층 (치평동)
치과,율하수치과의원,구강건강관리,경상남도 김해시 율하3로 37 3층 302호 (율하동  경보센텀빌딩)
치과,율하예미송키즈치과의원,구강건강관리,대구광역시 동구 안심로 58 2층 (율하동  율하메드빌빌딩)
치과,은계스마트치과의원,구강건강관리,경기도 시흥시 은계번영길 1 태산W타워 3층 305-307호 (은행동)
치과,이끌림치과의원,구강건강관리,충청북도 청주시 흥덕구 대농로 47 3 4층 301 302 309 310 401 402 411호 (복대동)
치과,이루다소아치과의원,구강건강관리,경기도 화성시 동탄대로5길 15 그랑파사쥬 3008-3011호 (송동)
치과,이루다치과의원,구강건강관리,경기도 화성시 동탄대로5길 15 그랑파사쥬 3012-3015호호 (송동)
치과,이루다치과의원,구강건강관리,경상남도 창원시 성산구 용지로153번길 10 동원빌딩 6층 602호 (용호동)
치과,이병진치과의원,구강건강관리,세종특별자치시 조치원읍 조치원로 7 3층
치과,이보다구강악안면외과치과의원,구강건강관리,인천광역시 서구 바리미로 17 로데오스퀘어 4층 (원당동)
치과,이보다치과의원,구강건강관리,경기도 부천시 원미구 길주로 234 202동 판매시설 3007호 (중동  힐스테이트 중동)
치과,이사랑치과의원,구강건강관리,경기도 부천시 소사구 은성로 88 (소사본동)
치과,이연합치과의원,구강건강관리,경상북도 경주시 건천읍 내서로 1110 2층
치과,이영치과의원,구강건강관리,전북특별자치도 익산시 평동로 727 (동산동)
치과,이원치과의원,구강건강관리,대구광역시 동구 아양로 46 4층 (신암동)
치과,이조은치과의원,구강건강관리,광주광역시 서구 풍암2로 14 3층 (풍암동)
치과,이좋은수치과의원,구강건강관리,경상남도 창원시 의창구 도계로60번길 1 2층 (도계동  복음약국)
치과,이치과의원,구강건강관리,부산광역시 해운대구 해운대로 637 3층 (우동  메디현대빌딩)
치과,이튼치과의원,구강건강관리,경기도 시흥시 함송로 24 세종프라자 3층 305호 (정왕동)
치과,이튼튼치과의원,구강건강관리,서울특별시 구로구 디지털로32가길 25 티타운빌딩 1층 (구로동)
치과,이편한치과의원,구강건강관리,경기도 용인시 수지구 고기로 91 레이크 2층 203-204호 (동천동)
치과,이플랜트치과의원,구강건강관리,서울특별시 영등포구 영등포로 216 2층 (영등포동3가)
치과,이플러스넷치과의원,구강건강관리,경기도 용인시 기흥구 예현로35번길 2 (서천동  203호)
치과,이해준치과의원,구강건강관리,서울특별시 강남구 봉은사로 474 207호 (삼성동  쌍용 플래티넘)
치과,이화이트치과의원,구강건강관리,서울특별시 서대문구 영천시장길 68 3층 (옥천동)
치과,인천평화의료복지사회적협동조합평화치과의원,구강건강관리,인천광역시 부평구 수변로 8 203호 (부개동  파워프라자)
치과,일산어린이치과의원,구강건강관리,경기도 고양시 일산서구 일산로 562 2층 209호(일산동. 신일산연합상가) (일산동)
치과,일치과의원,구강건강관리,경기도 구리시 체육관로80번길 9 301호 (수택동  씨앤씨빌딩)
치과,임플라인 치과의원,구강건강관리,경기도 시흥시 삼미시장1길 37 405호 (신천동)
치과,자연치과의원,구강건강관리,부산광역시 중구 중앙대로29번길 4 (중앙동1가)
치과,자작나무치과의원,구강건강관리,서울특별시 동작구 상도로 347 2층 (상도동)
치과,작은별소아치과의원,구강건강관리,서울특별시 영등포구 문래로 89 문래비즈타워 601 602호 (문래동3가)
치과,장원석치과의원,구강건강관리,부산광역시 남구 수영로 233 (대연동  민석빌딩 2층일부)
치과,장유미치과의원,구강건강관리,경상남도 김해시 능동로155번길 2 7층 (부곡동  월드피아상가)
치과,재단법인화강문화재단 서울이웃린치과의원,구강건강관리,서울특별시 서대문구 신촌로 13 7층 (창천동)
치과,재생플란트치과의원,구강건강관리,부산광역시 해운대구 센텀2로 25 센텀드림월드 203호 (우동)
치과,재송부부치과의원,구강건강관리,부산광역시 해운대구 재반로 83 (재송동)
치과,전주탑치과보존과치과의원,구강건강관리,전북특별자치도 전주시 완산구 유연로 158 우리사랑빌딩 4층 (효자동3가)
치과,정관어린이치과의원,구강건강관리,부산광역시 기장군 정관읍 정관로 569 정관 제일타워 5층 501호
치과,정근식치과의원,구강건강관리,충청북도 옥천군 옥천읍 삼금로 21 2층
치과,정림탑치과의원,구강건강관리,대전광역시 서구 정림로 18 3층 (정림동)
치과,정미치과의원,구강건강관리,서울특별시 노원구 공릉로59길 15 (하계동  웅천종합상가)
치과,정발산사과나무치과의원,구강건강관리,경기도 고양시 일산동구 정발산로 47 (장항동  웅신아트309 310호)
치과,정성치과의원,구강건강관리,제주특별자치도 제주시 조천읍 신북로 548 1 2층
치과,정일용치과의원,구강건강관리,부산광역시 부산진구 중앙대로783번길 11 3층 301-303호 (부전동  서면동원시티비스타)
치과,제일치과의원,구강건강관리,전북특별자치도 순창군 순창읍 순창로 220 
치과,조성용치과의원,구강건강관리,서울특별시 강남구 논현로 98 문화빌딩 2층 1호 (개포동)
치과,조원석치과의원,구강건강관리,충청남도 아산시 충무로 14 4층 (온천동)
치과,좋은치과의원,구강건강관리,경상남도 창원시 마산합포구 해안대로 25 3층 304호 (해운동)
치과,주니어소아치과의원,구강건강관리,경기도 의정부시 청사로 37 601호 (금오동  신세계프라자)
치과,준플란트치과의원,구강건강관리,전북특별자치도 익산시 함열읍 함열로 58 2층  203호
치과,지축바른치과의원,구강건강관리,경기도 고양시 덕양구 지축1로 73 지축 JS스퀘어 303호-305호 (지축동)
치과,진병로치과의원,구강건강관리,대구광역시 남구 대명로 302 6층 (대명동)
치과,참조은치과의원,구강건강관리,경기도 구리시 경춘로227번길 14 3층 (인창동)
치과,참치과의원,구강건강관리,부산광역시 동래구 충렬대로237번길 34 (수안동)
치과,채림치과의원,구강건강관리,서울특별시 마포구 신촌로 84 3층 (노고산동)
치과,처음가는소아치과의원,구강건강관리,경기도 안산시 단원구 광덕3로 178 화승타운 309호 (고잔동)
치과,천사치과의원,구강건강관리,경기도 남양주시 별내중앙로 26 202호 (별내동)
치과,청구치과의원,구강건강관리,서울특별시 중구 다산로 185 신흥빌딩 4층 (신당동)
치과,청담미치과의원,구강건강관리,서울특별시 강남구 봉은사로 471 (삼성동  삼성동힐스테이트2단지상가 302 303호)
치과,청라365클리어 치과의원,구강건강관리,인천광역시 서구 청라에메랄드로 94 인천 청라빌딩 2층 204호 (청라동)
치과,청라꾸러기치과의원,구강건강관리,인천광역시 서구 중봉대로612번길 10-16 502호  503호  504호 (연희동  마르씨엘)
치과,청라퍼스널치과의원,구강건강관리,인천광역시 서구 청라한내로 90 MK뷰  403-4호 (청라동)
치과,청아치과의원,구강건강관리,부산광역시 부산진구 중앙대로 900 4층 (양정동  영진제우스)
치과,청아치과의원,구강건강관리,대전광역시 서구 둔산로 223 201호 (둔산동  청솔@상가)
치과,초지메이저치과의원,구강건강관리,경기도 안산시 단원구 화랑로 160 단지내 상가 305-307호 (초지동)
치과,최재영치과의원,구강건강관리,서울특별시 도봉구 방학로 144 1 2층 (방학동  명주빌딩)
치과,충주열린치과의원,구강건강관리,충청북도 충주시 사천개1길 2 청보테라스타워 2층 203  204호 (호암동)
치과,치과로와치과의원,구강건강관리,인천광역시 서구 발산로 6 아인시티 주차타워 306-310호 (원당동)
치과,치아나라234치과의원,구강건강관리,경기도 남양주시 화도읍 마석중앙로 53 2 3 4층
치과,치아사랑치과의원,구강건강관리,경기도 평택시 팽성읍 동서촌로 74 2층 (안트하우스)
치과,캠퍼스치과의원,구강건강관리,경기도 시흥시 배곧1로 27-16 상가1동 206호 (정왕동  한라비발디캠퍼스2차)
치과,코끼리치과의원,구강건강관리,경상북도 구미시 금오산로 53-4 코끼리타워 5 6 7층 502호 (원평동)
치과,큐프라임부천치과의원,구강건강관리,경기도 부천시 원미구 부천로29번길 7 부천메디컬프라자 403호 (심곡동)
치과,크라운치과보철과치과의원,구강건강관리,경상남도 창원시 의창구 중동중앙로 47 어반브릭스 TOWER 4층 414-418호 (중동)
치과,클리어치과의원,구강건강관리,경기도 시흥시 수인로 3245 은계지구 근생3-1 5층 501-503호 (은행동)
치과,클린이치과의원,구강건강관리,경기도 하남시 감일백제로 169 현대타워 3층 (감이동)
치과,키즈앤드림치과의원,구강건강관리,서울특별시 마포구 백범로 202 214호 215호 (신공덕동  마포케이씨씨웰츠타워)
치과,키즈웰소아치과의원,구강건강관리,서울특별시 영등포구 양평로 24 3층 (당산동6가)
치과,키즈현치과의원,구강건강관리,부산광역시 금정구 구서로 2 4층 (구서동  정우빌딩)
치과,킴스주니어치과의원,구강건강관리,강원특별자치도 원주시 무실로 169 2 3층 (명륜동)
치과,탑치과의원,구강건강관리,전라남도 여수시 새터로 65 (신기동)
치과,탑치과의원,구강건강관리,경기도 동두천시 중앙로 269 2층 (생연동)
치과,튼튼아이치과의원,구강건강관리,인천광역시 남동구 구월로 212 힐캐슬프라자 306 316호 (구월동)
치과,튼튼이치과의원,구강건강관리,광주광역시 서구 염화로 85 4층 (화정동)
치과,튼튼이치과의원,구강건강관리,경기도 양주시 삼숭로38번길 102 (삼숭동)
치과,퍼스트어린이치과의원,구강건강관리,경기도 평택시 비전4로 47 강일빌딩 204호 (비전동)
치과,퍼스트치과의원,구강건강관리,인천광역시 남동구 논고개로 80 나로프라자 5층 (논현동)
치과,편한치과의원,구강건강관리,부산광역시 동래구 명장로 48 명장1동 새마을금고 4층 일부호 (명장동)
치과,평촌어린이치과의원,구강건강관리,경기도 안양시 동안구 흥안대로145번길 145 2층 201-204호 (호계동)
치과,평촌패밀리치과의원,구강건강관리,경기도 안양시 동안구 비산로 21 자이파크몰 701호 (비산동)
치과,포커스치과의원,구강건강관리,경기도 용인시 처인구 명지로 41 301 302호 (역북동)
치과,프라하치과의원,구강건강관리,부산광역시 연제구 고분로 2 4층 (연산동)
치과,프랜드치과의원,구강건강관리,부산광역시 해운대구 재반로 227 3층 (반여동  수협)
치과,프린스앤프린세스치과의원,구강건강관리,인천광역시 남동구 남동대로 686 4층 (구월동)
치과,플란트치과의원,구강건강관리,부산광역시 동래구 동래로 25 5층 (온천동)
치과,플랜트치과의원,구강건강관리,경상남도 창원시 마산회원구 3·15대로 780 (합성동  행복한메디컬)
치과,플레이쥬니어치과의원,구강건강관리,경기도 고양시 덕양구 지축로 50 501 502 505호 (지축동)
치과,피노키오치과의원,구강건강관리,경기도 고양시 일산서구 중앙로 1456 501호 (주엽동  서현프라자)
치과,하나아동치과의원,구강건강관리,광주광역시 광산구 임방울대로 784 1층 (월계동)
치과,하나어린이치과의원,구강건강관리,광주광역시 북구 첨단연신로 88 광주 첨단2지구 지식산업센터 Hudson 1041 3층 (연제동)
치과,하나치과의원,구강건강관리,제주특별자치도 제주시 신성로 76 3층 (도남동)
치과,하나치과의원,구강건강관리,광주광역시 동구 갈마로 6 (산수동)
치과,하나치과의원,구강건강관리,서울특별시 양천구 신목로 34 (신정동)
치과,하남리더스치과의원,구강건강관리,경기도 하남시 신장로 133 2층 (덕풍동)
치과,하늘치과의원,구강건강관리,전북특별자치도 전주시 완산구 호암로 63 3층 (효자동2가)
치과,하앤박치과의원,구강건강관리,인천광역시 미추홀구 독배로317번길 23-1 3층 (용현동)
치과,하얀이치과의원,구강건강관리,대전광역시 유성구 도안대로 511-12 3층 (상대동)
치과,하얀이치과의원,구강건강관리,강원특별자치도 원주시 능라동길 3 (무실동)
치과,하양미르치과의원,구강건강관리,경상북도 경산시 하양읍 하양로 93 3층  4층
치과,하양서울파티마치과의원,구강건강관리,경상북도 경산시 하양읍 하양로 112 5층
치과,하이엘치과의원,구강건강관리,부산광역시 해운대구 마린시티2로 2 515호 (우동  마린파크)
치과,하이치과의원,구강건강관리,부산광역시 남구 용호로 91 3층 302호 (용호동  휴렉스)
치과,하하치과의원,구강건강관리,경기도 고양시 일산동구 중앙로 1200 삼희골드프라자 208 209호 (마두동)
치과,한도치과의원,구강건강관리,서울특별시 광진구 자양로 283 (구의동   21호)
치과,한마음치과의원,구강건강관리,서울특별시 동작구 사당로16길 35 남서울농협남성지점 2층 2호 (사당동)
치과,한사랑치과의원,구강건강관리,강원특별자치도 원주시 판부면 남원로 401 3층
치과,한스치과의원,구강건강관리,서울특별시 강북구 솔샘로 203 4층 (미아동)
치과,함께걸음마을치과의원,구강건강관리,서울특별시 노원구 상계로1길 14-11 (상계동  하이웰빙상가)
치과,함께웃는치과의원,구강건강관리,광주광역시 서구 염화로57번길 1 1층 (화정동  금호타운1차아파트상가)
치과,함께하는치과의원,구강건강관리,경기도 고양시 덕양구 화신로272번길 67 4층 (화정동  장군빌딩)
치과,해맑은아이쥬니어치과의원,구강건강관리,서울특별시 강서구 양천로 500 306호 (등촌동  노블리움)
치과,해피플란트치과의원,구강건강관리,대구광역시 남구 신촌길 93 (봉덕동)
치과,행복을심는치과의원,구강건강관리,경기도 화성시 떡전골로 98 4층 (병점동)
치과,행복한소아치과의원,구강건강관리,경기도 하남시 미사강변중앙로 226 우성르보아파크 4층 405-406호 (망월동)
치과,행복한어린이치과의원,구강건강관리,경기도 안산시 단원구 선부광장1로 56 206-210호 (선부동  일성빌딩)
치과,행신휴치과의원,구강건강관리,경기도 고양시 덕양구 무원로6번길 20 M타워 201 202호 (행신동)
치과,행운치과의원,구강건강관리,서울특별시 관악구 남부순환로 1935 한국해양소년단연맹 2층 (봉천동)
치과,허문회치과의원,구강건강관리,부산광역시 남구 석포로 34 205  206호 (감만동  국제아파트)
치과,허치과의원,구강건강관리,충청북도 영동군 영동읍 중앙로 25
치과,현용철치과의원,구강건강관리,경기도 화성시 향남읍 삼천병마로 189 2층
치과,호성한마음치과의원,구강건강관리,전북특별자치도 전주시 덕진구 호성3길 19 202호 (호성동1가)
치과,화명어린이치과의원,구강건강관리,부산광역시 북구 금곡대로 287 605호 (화명동  삼한골든뷰)
치과,화이트e치과의원,구강건강관리,강원특별자치도 원주시 서원대로 502 203 204호 (단구동  골드프라자)
치과,화이트이치과의원,구강건강관리,부산광역시 해운대구 좌동로 93 해운대농협 3층 (좌동)
치과,효성치과의원,구강건강관리,인천광역시 계양구 효서로 92 (효성동)
치과,휴치과의원,구강건강관리,광주광역시 서구 운천로 131 A동 1층 114호 (쌍촌동  금호베어스타운)
치과,힐치과의원,구강건강관리,서울특별시 송파구 석촌호수로 61 302호 (잠실동)
